product_id,product_name,category,price,review_score,review_count,sales_month_1,sales_month_2,sales_month_3,sales_month_4,sales_month_5,sales_month_6,sales_month_7,sales_month_8,sales_month_9,sales_month_10,sales_month_11,sales_month_12
1,Product_1,Clothing,190.4,1.7,220,479,449,92,784,604,904,446,603,807,252,695,306
2,Product_2,Home & Kitchen,475.6,3.2,903,21,989,861,863,524,128,610,436,176,294,772,353
3,Product_3,Toys,367.34,4.5,163,348,558,567,143,771,409,290,828,340,667,267,392
4,Product_4,Toys,301.34,3.9,951,725,678,59,15,937,421,670,933,56,157,168,203
5,Product_5,Books,82.23,4.2,220,682,451,649,301,620,293,411,258,854,548,770,257
6,Product_6,Toys,82.22,3.6,270,834,288,38,422,329,245,614,979,851,630,738,485
7,Product_7,Electronics,33.75,3.8,632,565,140,539,244,188,700,896,965,447,66,32,516
8,Product_8,Electronics,433.76,4.4,906,905,83,48,926,94,555,280,102,202,753,376,445
9,Product_9,Electronics,302.55,2,848,809,693,419,106,616,85,42,992,696,298,213,708
10,Product_10,Clothing,355.5,3,400,319,390,636,87,7,555,485,566,632,462,561,179
11,Product_11,Toys,15.19,1.9,182,125,590,12,128,66,841,595,768,737,724,439,341
12,Product_12,Health,485.11,5,991,276,214,991,906,495,374,962,100,201,819,491,132
13,Product_13,Electronics,417.06,4.8,618,975,525,35,886,190,445,702,197,329,100,392,442
14,Product_14,Books,110.11,1.2,729,203,214,100,340,365,377,50,812,362,55,488,835
15,Product_15,Clothing,95,3.8,205,193,402,793,3,767,389,897,225,891,331,721,252
16,Product_16,Books,95.79,4.7,582,680,127,85,326,520,656,209,942,453,835,945,264
17,Product_17,Toys,155.6,1.7,556,663,821,515,409,989,50,125,462,355,750,28,92
18,Product_18,Home & Kitchen,264.75,3.3,841,546,476,222,878,116,241,491,236,215,392,38,661
19,Product_19,Books,218.81,4.7,813,695,759,337,305,266,293,508,25,971,742,858,410
20,Product_20,Home & Kitchen,149.16,1.1,228,285,403,959,907,610,919,959,120,554,873,611,137
21,Product_21,Clothing,307.87,3.8,696,56,28,165,606,484,562,969,909,886,380,172,207
22,Product_22,Books,74.05,2.2,619,733,791,382,720,508,265,580,505,22,91,16,636
23,Product_23,Books,149.61,4.7,596,302,337,855,224,297,119,776,181,154,790,55,745
24,Product_24,Sports,186.35,4.9,850,162,830,894,970,908,711,257,710,185,446,225,572
25,Product_25,Clothing,230.75,4.8,250,18,713,375,347,163,916,929,813,248,108,557,306
26,Product_26,Clothing,393.66,2.9,875,369,360,470,991,375,247,187,766,748,316,66,265
27,Product_27,Electronics,103.84,4.4,441,263,568,789,320,652,69,229,633,804,167,196,645
28,Product_28,Toys,259.55,4.4,533,793,391,641,558,267,852,188,542,133,811,653,317
29,Product_29,Books,298.25,2.3,196,112,217,30,987,548,56,414,983,320,981,834,112
30,Product_30,Books,27.99,4.3,690,487,573,374,180,73,381,9,314,389,919,22,900
31,Product_31,Health,305.73,1.1,929,326,668,10,617,507,38,113,990,433,434,998,377
32,Product_32,Clothing,89.41,3.4,987,541,201,987,710,72,983,75,796,21,441,605,453
33,Product_33,Clothing,37.2,1.9,519,646,16,301,385,307,800,675,617,872,217,753,190
34,Product_34,Toys,474.7,1.5,70,578,321,95,617,198,442,501,735,599,221,236,890
35,Product_35,Clothing,482.99,1.3,639,64,517,189,791,129,17,84,272,664,672,956,439
36,Product_36,Home & Kitchen,405.16,3.8,399,291,569,452,771,757,951,48,909,124,527,918,186
37,Product_37,Home & Kitchen,155.78,2.4,978,24,324,191,107,823,731,494,231,78,277,922,830
38,Product_38,Sports,53.35,3.9,672,548,411,485,530,571,824,837,419,857,568,565,366
39,Product_39,Home & Kitchen,343.7,1.3,760,0,317,265,409,790,755,688,767,967,573,137,88
40,Product_40,Home & Kitchen,222.88,2.3,203,910,680,423,970,614,351,386,441,50,874,472,186
41,Product_41,Toys,65.41,3.2,148,548,964,127,295,807,971,969,495,727,465,844,818
42,Product_42,Books,250.11,4.2,472,140,81,237,817,831,815,388,23,175,838,783,945
43,Product_43,Home & Kitchen,22.02,2.3,655,743,473,919,170,486,297,217,108,869,753,552,131
44,Product_44,Sports,455.11,3.5,944,647,467,354,330,852,282,700,702,252,601,609,871
45,Product_45,Clothing,133.1,4.5,199,900,424,939,492,150,585,980,501,965,583,694,634
46,Product_46,Home & Kitchen,332.95,3.5,917,187,944,111,194,668,109,345,858,245,837,639,559
47,Product_47,Sports,159.3,1.9,426,127,730,827,11,205,179,229,24,738,29,228,799
48,Product_48,Toys,262.43,1.1,666,200,688,445,194,985,937,254,186,105,358,316,375
49,Product_49,Health,275.62,4.5,492,126,203,342,489,178,543,235,287,192,918,597,690
50,Product_50,Health,96.5,1.1,888,256,582,144,794,196,745,25,627,315,287,767,691
51,Product_51,Health,484.94,4.5,896,675,386,64,880,734,793,583,337,301,85,720,98
52,Product_52,Clothing,388.69,3.1,142,546,777,246,181,88,24,260,877,547,233,726,841
53,Product_53,Sports,470.05,4.8,313,193,97,734,961,798,842,765,913,953,746,885,33
54,Product_54,Home & Kitchen,447.94,4.2,165,702,344,990,816,433,790,270,36,715,312,611,931
55,Product_55,Books,300.96,5,314,103,802,489,655,787,737,122,793,933,364,560,581
56,Product_56,Clothing,461.33,2.4,21,534,207,824,897,747,56,655,136,778,776,200,170
57,Product_57,Clothing,48.8,4.1,82,264,513,438,315,182,179,256,507,267,798,947,365
58,Product_58,Health,102.01,2.6,581,801,635,105,693,208,231,655,226,169,838,257,783
59,Product_59,Books,27.39,2.9,131,941,791,180,29,492,893,420,319,550,904,479,58
60,Product_60,Health,166.04,3.5,599,973,585,183,595,129,342,258,839,454,268,887,180
61,Product_61,Clothing,197.4,4.5,730,383,165,225,677,664,476,947,915,650,697,177,18
62,Product_62,Home & Kitchen,139.32,4.9,933,259,21,776,795,12,798,46,181,291,130,756,225
63,Product_63,Health,415.23,4.1,984,413,153,789,792,633,575,862,873,563,802,122,472
64,Product_64,Health,181.59,2.7,305,990,938,908,95,870,454,524,85,798,992,341,94
65,Product_65,Health,144.06,2.7,915,357,438,88,380,731,231,887,466,800,788,170,880
66,Product_66,Clothing,273.63,4,371,74,294,687,777,105,288,207,925,140,831,844,296
67,Product_67,Home & Kitchen,74.76,2,857,354,218,529,443,374,212,310,52,145,350,647,592
68,Product_68,Books,402.09,1.4,853,583,668,370,297,581,257,746,859,424,179,58,174
69,Product_69,Electronics,41.9,2.4,384,770,494,971,807,706,529,148,866,313,801,704,221
70,Product_70,Books,493.51,2.1,908,909,229,935,736,697,686,833,234,183,479,464,614
71,Product_71,Home & Kitchen,387.26,2.2,445,187,19,912,844,98,928,437,958,663,888,779,53
72,Product_72,Toys,103.36,1.9,425,972,986,398,360,593,228,154,778,712,162,259,694
73,Product_73,Health,7.73,1.2,161,684,552,105,373,586,225,677,798,127,782,372,862
74,Product_74,Books,408.65,1.1,178,991,949,270,553,885,595,89,432,286,887,972,402
75,Product_75,Toys,354.89,5,629,289,147,974,302,851,802,697,495,822,95,94,317
76,Product_76,Toys,365.86,2.7,708,44,107,830,420,191,434,829,998,252,773,124,866
77,Product_77,Home & Kitchen,386.78,2.5,895,572,402,502,245,324,881,357,99,1000,509,40,348
78,Product_78,Home & Kitchen,41.65,3.7,490,82,595,678,719,978,757,173,989,777,364,890,442
79,Product_79,Health,182.44,1.9,327,122,482,524,236,725,401,216,598,699,980,253,832
80,Product_80,Electronics,62.36,4.8,598,357,366,848,533,826,621,906,402,385,352,6,579
81,Product_81,Sports,432.24,4.1,289,527,833,31,184,955,765,455,395,229,799,470,539
82,Product_82,Clothing,313.53,1.4,593,65,413,392,467,466,87,775,526,270,435,727,785
83,Product_83,Books,168.79,2.7,664,935,308,39,753,893,583,608,414,770,82,510,281
84,Product_84,Home & Kitchen,36.46,4.5,573,656,801,659,362,366,892,628,938,810,224,580,359
85,Product_85,Books,158.94,4.8,573,374,917,217,282,317,541,198,612,414,411,68,914
86,Product_86,Sports,165.97,2.9,354,161,834,730,552,143,683,831,676,197,734,80,822
87,Product_87,Sports,366.16,3.5,28,745,133,980,335,383,308,485,462,322,980,541,630
88,Product_88,Health,320.59,1.7,954,379,718,81,161,215,905,532,540,55,117,584,891
89,Product_89,Toys,444.17,5,43,655,282,844,159,360,342,199,625,830,481,261,952
90,Product_90,Health,238.75,1.9,681,357,777,719,473,323,435,370,618,202,191,88,645
91,Product_91,Clothing,64.2,4.8,423,187,72,200,600,14,176,958,921,782,590,914,640
92,Product_92,Electronics,358.06,3.6,598,321,480,446,321,216,138,852,363,620,589,207,7
93,Product_93,Books,381.59,3.4,177,449,351,843,11,491,193,447,129,627,658,212,992
94,Product_94,Clothing,282.83,3.1,529,473,559,427,423,950,185,247,83,603,106,833,562
95,Product_95,Electronics,386.63,1.9,610,12,325,37,72,546,217,787,270,137,381,265,490
96,Product_96,Books,249.43,1.7,966,183,744,210,587,182,163,263,243,421,782,911,340
97,Product_97,Clothing,263.75,1.9,494,110,442,443,857,269,160,57,387,814,389,292,471
98,Product_98,Home & Kitchen,216.63,1.7,198,926,99,326,200,944,942,301,213,56,243,206,792
99,Product_99,Books,17.58,4.1,610,507,58,760,521,466,524,30,817,561,584,332,686
100,Product_100,Clothing,58.41,2.4,577,289,507,226,863,869,807,497,165,70,868,76,694
101,Product_101,Sports,20.56,1.2,842,294,257,47,504,611,600,248,790,910,467,287,703
102,Product_102,Electronics,320.02,4.9,853,450,412,17,737,518,835,604,58,913,865,46,248
103,Product_103,Clothing,160.61,4.5,517,903,451,911,687,541,41,776,601,593,933,621,234
104,Product_104,Home & Kitchen,256.74,4.7,514,214,64,438,787,466,914,270,882,371,537,199,82
105,Product_105,Health,454.25,5,22,973,594,806,38,304,209,605,842,616,209,426,92
106,Product_106,Books,128.4,1.7,112,631,153,707,59,984,740,665,923,599,603,209,884
107,Product_107,Books,208.14,2.6,57,893,984,186,577,143,861,393,503,513,636,887,393
108,Product_108,Books,379,4,66,566,265,344,320,110,274,796,705,871,946,419,823
109,Product_109,Home & Kitchen,118.26,3.8,842,26,820,223,434,231,953,501,122,83,72,153,267
110,Product_110,Electronics,43.11,1.6,98,629,78,829,635,690,278,591,647,993,991,521,416
111,Product_111,Books,148.43,4.3,144,732,314,487,675,583,250,803,412,42,634,414,631
112,Product_112,Electronics,84.8,1.9,880,230,661,908,407,721,309,83,138,665,308,352,582
113,Product_113,Clothing,465.2,1.9,435,564,946,876,922,731,719,364,228,838,695,156,528
114,Product_114,Sports,405.02,3.1,637,806,559,848,385,591,832,885,273,933,698,260,252
115,Product_115,Sports,318.53,3.4,679,320,916,228,670,499,139,548,438,605,709,76,956
116,Product_116,Electronics,436.37,3.3,86,912,890,389,568,594,791,341,561,809,589,768,121
117,Product_117,Electronics,402.82,1.4,588,232,247,978,77,553,545,838,909,132,859,982,891
118,Product_118,Sports,97.35,4.5,344,669,789,588,193,272,820,406,117,394,185,487,9
119,Product_119,Books,446.82,2.1,936,436,867,187,284,702,903,424,713,64,855,130,798
120,Product_120,Toys,271.97,1.5,294,780,609,857,526,172,529,743,994,289,252,578,315
121,Product_121,Toys,404.68,4.6,956,532,413,269,523,972,56,92,904,375,12,454,837
122,Product_122,Home & Kitchen,448.57,4.8,571,402,24,606,612,6,111,847,482,768,298,739,272
123,Product_123,Health,162.41,4.4,650,52,283,309,155,154,4,613,394,466,75,162,305
124,Product_124,Sports,59.48,4.2,611,786,448,131,339,521,409,411,702,897,50,14,804
125,Product_125,Sports,117.83,3.6,704,312,880,550,124,545,413,431,875,212,786,231,209
126,Product_126,Home & Kitchen,216.42,3.2,243,280,300,71,870,547,181,677,459,147,148,194,957
127,Product_127,Toys,409.92,1.3,831,725,67,792,279,920,12,158,834,572,730,860,729
128,Product_128,Clothing,431.06,2.6,561,30,6,844,916,517,338,13,692,470,121,541,752
129,Product_129,Books,8.44,2.5,960,336,816,671,905,919,796,372,934,148,210,358,885
130,Product_130,Books,257.82,2,32,182,136,186,621,913,258,224,77,87,279,849,463
131,Product_131,Clothing,211.62,3.9,391,22,163,485,845,214,89,504,951,323,537,330,711
132,Product_132,Clothing,114.94,3,277,543,82,190,868,133,615,72,411,894,684,426,727
133,Product_133,Toys,64.33,1.3,532,445,896,421,657,284,890,248,74,395,155,496,716
134,Product_134,Home & Kitchen,172.12,1.9,154,73,649,119,727,125,697,510,294,789,237,827,924
135,Product_135,Clothing,471.74,3.7,383,9,419,219,909,920,249,602,792,403,375,485,415
136,Product_136,Home & Kitchen,164.99,1.3,68,483,72,52,673,438,254,215,20,81,81,807,215
137,Product_137,Health,261.8,4.4,878,455,236,733,127,848,587,972,905,640,491,448,79
138,Product_138,Electronics,352.99,3,884,565,45,450,313,685,897,601,170,285,355,412,778
139,Product_139,Books,185,2.9,214,563,617,411,331,151,970,540,14,381,924,329,479
140,Product_140,Toys,486.03,3.4,655,659,927,642,149,330,107,946,210,864,272,731,901
141,Product_141,Books,481.41,4.3,376,159,799,236,453,537,667,816,559,791,579,888,890
142,Product_142,Toys,129.63,2.4,744,881,261,757,35,382,593,938,85,269,43,990,546
143,Product_143,Electronics,251.14,3.7,213,13,175,737,684,114,588,987,148,291,572,146,800
144,Product_144,Books,153.93,3.3,79,177,165,719,419,893,484,219,699,452,122,258,17
145,Product_145,Electronics,146,2.1,726,411,656,405,21,481,981,839,371,714,348,291,164
146,Product_146,Toys,23.26,4.5,628,877,841,607,205,283,971,726,479,23,707,810,524
147,Product_147,Clothing,306.73,4.2,604,52,369,421,638,898,257,220,817,955,329,142,201
148,Product_148,Health,253.83,3.6,782,407,794,711,847,74,638,388,150,862,408,992,740
149,Product_149,Books,30.48,4.4,923,846,53,246,956,165,996,553,140,310,990,936,345
150,Product_150,Electronics,142.93,4.5,381,21,689,71,355,188,902,646,68,460,322,746,365
151,Product_151,Sports,454.59,3.8,680,29,418,829,439,77,281,41,259,207,110,626,976
152,Product_152,Books,123.58,4.3,58,702,755,184,728,946,985,675,987,791,769,364,447
153,Product_153,Books,76.72,3.8,796,259,506,5,95,601,87,872,845,716,88,89,512
154,Product_154,Books,247.28,3.7,26,204,340,205,928,687,203,282,967,663,432,719,318
155,Product_155,Home & Kitchen,492.9,3.5,881,58,126,543,940,20,15,57,520,437,709,163,216
156,Product_156,Electronics,124.82,4,447,470,408,610,163,565,150,813,632,537,793,480,33
157,Product_157,Electronics,337.71,1.6,66,775,923,905,147,183,935,833,370,705,711,83,870
158,Product_158,Books,382,4.5,921,465,366,386,529,870,253,536,418,335,98,76,265
159,Product_159,Clothing,122.63,4.5,760,11,270,767,293,221,187,72,100,421,538,672,639
160,Product_160,Books,365.47,1.1,254,630,643,698,194,826,328,884,660,749,600,516,723
161,Product_161,Home & Kitchen,187.05,4.3,899,926,604,75,662,327,543,922,953,320,145,484,774
162,Product_162,Toys,317.99,1.5,968,973,378,176,479,178,782,128,657,496,693,589,823
163,Product_163,Home & Kitchen,318.6,2.3,44,289,72,826,876,787,996,598,864,586,256,602,79
164,Product_164,Clothing,270.21,4,97,849,922,798,122,111,396,841,967,946,188,598,676
165,Product_165,Books,49.69,1.6,554,759,921,348,399,735,516,425,242,162,239,781,412
166,Product_166,Electronics,418.47,4.3,227,353,914,254,698,725,458,947,752,810,870,103,251
167,Product_167,Health,163.79,4.3,774,638,247,836,964,58,329,664,511,540,898,451,11
168,Product_168,Sports,97.33,3,679,74,859,701,451,326,819,693,848,164,502,486,400
169,Product_169,Books,25.18,1,436,872,784,307,660,904,844,124,554,848,707,338,815
170,Product_170,Clothing,297.49,2.1,791,715,42,344,103,620,168,66,94,697,808,686,723
171,Product_171,Electronics,340.39,3.5,601,560,376,126,754,896,692,5,225,565,676,565,281
172,Product_172,Home & Kitchen,13.21,4.9,379,590,40,936,461,668,365,636,517,294,818,899,111
173,Product_173,Toys,258.49,3.5,178,440,169,286,742,190,177,313,213,41,270,477,722
174,Product_174,Toys,117.12,2,427,990,945,765,990,199,654,325,717,923,519,722,377
175,Product_175,Health,324.36,3.5,915,240,211,724,717,311,361,564,66,284,549,606,750
176,Product_176,Books,91.31,3.2,709,860,492,761,709,707,759,577,395,938,113,222,267
177,Product_177,Home & Kitchen,347.01,4.1,307,153,679,595,395,34,638,825,611,386,338,8,916
178,Product_178,Health,196.43,1.4,779,785,38,486,911,378,774,505,11,137,567,52,297
179,Product_179,Sports,468.68,4,504,95,368,382,336,386,39,81,236,186,942,76,316
180,Product_180,Sports,73.07,3.2,268,725,756,405,598,757,923,598,833,909,985,717,569
181,Product_181,Health,173.83,4.9,586,293,150,387,141,236,415,1,769,715,358,502,508
182,Product_182,Clothing,61.17,2.4,8,208,110,524,316,615,354,203,398,430,649,315,949
183,Product_183,Toys,462.72,3.5,920,342,479,556,710,518,254,661,406,553,613,813,545
184,Product_184,Home & Kitchen,439.28,4.7,508,87,435,638,557,282,142,804,924,861,333,821,774
185,Product_185,Books,132.68,1.4,476,817,46,937,799,0,751,403,848,415,688,841,364
186,Product_186,Electronics,331.69,4.7,297,775,574,625,526,730,739,102,479,799,168,623,546
187,Product_187,Books,409.52,3.8,164,936,736,944,555,463,852,535,646,425,338,862,270
188,Product_188,Books,279.82,1.3,485,389,365,275,400,229,709,367,221,415,797,164,960
189,Product_189,Home & Kitchen,267.18,2.2,597,324,68,499,680,966,576,211,155,25,260,278,473
190,Product_190,Toys,124.72,3.8,72,939,298,716,309,171,899,576,653,370,886,26,738
191,Product_191,Home & Kitchen,51.09,1.3,567,888,943,336,494,86,10,960,427,384,734,69,536
192,Product_192,Electronics,449.12,3.3,905,831,801,949,555,552,619,208,157,55,198,217,233
193,Product_193,Health,450.71,2.4,559,156,295,931,609,122,25,762,976,252,210,961,58
194,Product_194,Home & Kitchen,318.39,3.5,911,667,202,480,772,842,956,896,415,633,286,364,250
195,Product_195,Clothing,172.82,1.2,944,650,60,896,108,297,420,116,325,105,691,700,846
196,Product_196,Books,177.86,4.5,238,632,945,910,794,884,662,627,370,129,761,844,85
197,Product_197,Toys,364.35,4.9,104,576,962,972,371,928,220,748,343,848,742,946,762
198,Product_198,Sports,449.07,4.9,210,618,829,272,854,689,852,477,261,669,471,305,389
199,Product_199,Electronics,444.11,4,554,658,313,919,615,574,495,104,282,375,481,123,179
200,Product_200,Sports,391.04,1.5,828,136,160,57,767,483,236,494,849,742,22,18,718
201,Product_201,Books,322.81,4,468,922,330,327,890,164,236,770,855,966,559,256,855
202,Product_202,Home & Kitchen,46.65,1.1,454,673,527,730,205,1000,218,45,228,307,108,295,148
203,Product_203,Sports,85.01,1.1,268,427,337,108,846,698,486,822,887,90,295,927,582
204,Product_204,Clothing,449.78,2.3,386,451,605,278,42,382,935,330,279,392,5,21,120
205,Product_205,Home & Kitchen,305.18,3,775,611,303,685,864,208,460,215,869,533,549,879,764
206,Product_206,Books,9.55,4.1,848,849,502,327,244,738,662,981,289,801,680,988,604
207,Product_207,Sports,55.23,3.7,387,910,649,775,286,431,634,959,679,109,867,449,255
208,Product_208,Health,333.43,2.8,877,818,337,314,354,388,143,491,46,560,794,551,765
209,Product_209,Electronics,7.51,2.1,259,140,549,473,784,559,989,812,974,640,202,549,863
210,Product_210,Sports,84.6,5,283,82,638,110,475,223,188,921,714,584,324,47,799
211,Product_211,Health,276.62,2.7,626,176,274,698,82,2,254,844,213,339,824,694,308
212,Product_212,Health,347.49,2.8,875,197,163,780,109,371,67,448,757,564,784,586,58
213,Product_213,Sports,327.72,1.7,40,623,442,934,949,686,615,535,23,978,243,720,68
214,Product_214,Toys,116.01,4.2,486,567,318,228,189,445,335,510,320,355,326,182,445
215,Product_215,Sports,357.53,3.8,929,971,588,496,982,610,670,457,273,891,986,434,387
216,Product_216,Books,122.44,1.9,220,690,503,155,799,115,820,546,555,167,46,106,85
217,Product_217,Health,166.07,1.3,129,420,685,472,935,269,873,535,843,556,760,187,785
218,Product_218,Electronics,374.51,3.7,520,400,386,700,908,446,408,539,312,451,590,775,226
219,Product_219,Books,326.57,3.6,613,697,969,271,250,367,299,483,362,904,621,85,592
220,Product_220,Clothing,425.37,2.1,928,470,869,886,723,252,907,975,667,104,12,835,625
221,Product_221,Home & Kitchen,330.52,4.8,892,217,832,1,290,316,601,999,999,149,906,842,183
222,Product_222,Sports,286.31,1.6,688,924,887,757,644,414,356,15,379,145,379,455,791
223,Product_223,Toys,51.37,2.7,619,928,602,721,200,94,255,570,710,715,364,136,321
224,Product_224,Electronics,187.02,4.8,613,827,749,510,796,784,352,976,918,873,601,857,908
225,Product_225,Toys,136.28,2.7,260,986,775,912,325,891,731,242,980,298,341,897,317
226,Product_226,Toys,125.77,3.6,990,728,690,285,510,23,520,949,673,166,859,335,565
227,Product_227,Toys,486.64,2.6,966,631,493,870,408,627,523,206,906,712,791,606,398
228,Product_228,Sports,199.58,2.1,366,950,489,12,606,662,836,911,469,645,220,837,708
229,Product_229,Electronics,446.56,4.9,758,905,720,607,789,849,949,270,745,722,72,756,898
230,Product_230,Electronics,317.41,2.6,787,174,72,497,961,49,755,760,674,47,745,468,292
231,Product_231,Health,398.43,4.6,544,22,508,732,940,501,693,993,115,637,771,601,292
232,Product_232,Toys,253.81,1.9,649,724,389,237,836,717,283,778,604,238,624,570,484
233,Product_233,Health,290.57,1.9,524,916,618,93,507,497,311,704,41,6,45,402,898
234,Product_234,Health,248.8,1.1,907,234,856,337,730,334,98,846,795,463,503,539,446
235,Product_235,Home & Kitchen,101.65,3.6,814,12,294,780,600,78,196,729,378,452,273,71,802
236,Product_236,Sports,362.61,2.5,887,100,368,170,71,581,481,114,721,783,554,781,691
237,Product_237,Sports,143.98,4.5,16,928,955,980,246,26,877,579,205,896,207,23,982
238,Product_238,Books,17.04,2.9,129,535,795,605,640,270,225,298,465,370,928,623,891
239,Product_239,Health,324.51,4.9,575,875,864,660,723,561,844,836,731,548,860,811,411
240,Product_240,Sports,92.67,1.7,109,522,693,623,939,803,614,482,279,486,614,484,507
241,Product_241,Toys,470.53,4.5,887,784,548,566,854,246,617,396,647,210,123,55,733
242,Product_242,Clothing,477.19,4.1,533,451,648,848,607,775,364,393,617,164,9,985,785
243,Product_243,Toys,457.86,4.1,670,430,849,935,586,590,367,74,117,124,328,222,889
244,Product_244,Electronics,188.23,4.4,269,792,567,466,934,386,569,977,236,336,186,631,243
245,Product_245,Sports,12.65,4,162,605,186,627,565,701,589,481,308,191,542,178,419
246,Product_246,Sports,464.52,3.5,260,712,852,142,343,558,74,102,455,729,667,799,928
247,Product_247,Books,216.95,1.5,924,532,769,200,970,972,41,296,899,213,59,433,959
248,Product_248,Health,483.49,1.1,102,851,444,179,924,360,421,177,474,573,760,936,153
249,Product_249,Clothing,481.99,4.7,506,978,569,713,53,865,835,214,99,327,898,449,815
250,Product_250,Sports,427.24,3.5,735,722,362,363,729,983,180,966,260,956,885,792,423
251,Product_251,Books,150.75,4.2,571,651,122,478,527,487,544,314,992,380,950,883,272
252,Product_252,Books,195.62,2.9,247,292,187,564,610,351,70,38,304,672,781,491,935
253,Product_253,Clothing,426.31,1.5,640,809,741,470,531,700,567,258,353,577,441,188,646
254,Product_254,Toys,161.88,1.5,795,912,679,383,557,927,104,715,285,797,216,577,824
255,Product_255,Toys,88.9,3.7,837,100,419,691,962,255,199,6,327,238,910,809,519
256,Product_256,Toys,280.62,2.7,537,501,625,925,192,221,100,48,102,531,1,960,127
257,Product_257,Home & Kitchen,468.4,1.8,131,303,251,416,894,883,767,537,62,699,535,419,372
258,Product_258,Health,349.53,3,353,870,618,824,57,752,306,160,686,81,717,248,567
259,Product_259,Health,287.18,1.3,196,539,548,307,436,780,585,868,281,362,831,587,637
260,Product_260,Toys,53.1,3.3,793,552,334,648,110,0,682,175,440,504,710,648,158
261,Product_261,Clothing,309.43,2.1,916,354,91,693,128,545,376,590,292,201,355,163,570
262,Product_262,Home & Kitchen,495.08,4.2,930,302,529,366,848,445,654,1,737,919,625,744,569
263,Product_263,Health,74.34,2.2,666,495,865,0,705,78,677,1000,6,503,791,254,651
264,Product_264,Toys,261.57,2.8,382,657,62,43,924,235,398,894,638,643,666,475,175
265,Product_265,Home & Kitchen,439.3,1,645,767,661,738,851,333,772,454,935,36,164,805,926
266,Product_266,Clothing,371.68,1.3,227,973,511,842,325,888,220,927,91,643,997,416,619
267,Product_267,Toys,350.02,2.6,701,226,138,97,7,348,594,643,934,588,733,169,210
268,Product_268,Electronics,352.73,2.9,476,235,697,719,28,97,181,275,189,600,90,316,446
269,Product_269,Sports,182.95,3.4,477,872,184,264,111,81,306,497,870,972,166,173,585
270,Product_270,Clothing,150.33,2.2,265,891,204,799,946,501,521,628,475,401,958,469,166
271,Product_271,Books,405.63,3.8,372,454,771,782,672,966,395,675,510,764,206,344,459
272,Product_272,Books,406.01,4.4,486,1000,213,139,130,476,3,799,461,855,281,444,915
273,Product_273,Clothing,434.2,4.1,434,12,255,480,187,926,862,27,52,705,64,17,356
274,Product_274,Books,457.05,1.2,646,209,134,236,674,703,913,332,753,175,887,69,303
275,Product_275,Health,258.11,2.9,211,740,572,973,708,764,847,0,485,544,515,337,232
276,Product_276,Clothing,253.25,1.4,572,396,874,952,474,920,999,187,643,569,156,627,326
277,Product_277,Electronics,400.16,2,940,99,821,903,363,549,803,55,489,466,760,591,883
278,Product_278,Clothing,326.73,4.9,377,30,87,71,203,13,280,546,977,200,768,526,181
279,Product_279,Toys,352.47,1.6,395,897,835,666,211,391,214,111,363,539,746,687,633
280,Product_280,Toys,398.92,3,450,527,987,189,620,346,971,797,111,546,305,455,333
281,Product_281,Home & Kitchen,445.55,3.5,943,648,206,267,275,309,609,309,408,998,877,268,714
282,Product_282,Books,172.31,3.8,364,328,128,320,72,385,419,35,6,636,981,630,966
283,Product_283,Sports,190.91,3.2,876,165,822,106,678,208,100,438,741,393,394,810,28
284,Product_284,Books,51.52,1,457,458,2,231,771,356,962,728,667,832,73,187,713
285,Product_285,Health,291.25,2.3,725,821,973,41,242,973,520,591,196,41,186,568,92
286,Product_286,Clothing,22.79,3.1,728,951,933,701,786,600,572,825,834,596,573,710,840
287,Product_287,Sports,235.47,1.4,226,981,753,882,101,567,308,594,875,392,336,528,867
288,Product_288,Sports,273.61,2.4,982,992,120,138,986,93,657,576,734,699,675,433,687
289,Product_289,Books,146.84,1.1,131,99,384,614,684,92,938,324,366,622,567,287,329
290,Product_290,Sports,297.46,1.3,588,620,613,682,170,339,930,639,249,782,622,917,722
291,Product_291,Sports,20.1,2.6,476,854,37,862,652,596,509,306,915,994,729,566,183
292,Product_292,Toys,23.49,1.5,798,172,340,272,908,444,62,533,594,440,239,498,94
293,Product_293,Electronics,412.19,3.3,986,748,924,480,187,756,632,727,239,836,532,440,784
294,Product_294,Clothing,183.29,3.8,277,161,644,415,440,21,225,618,379,616,140,780,648
295,Product_295,Books,67.89,4.2,156,904,713,505,85,290,104,108,906,505,264,302,748
296,Product_296,Toys,263.51,1.8,760,727,859,732,475,484,973,371,871,917,138,86,352
297,Product_297,Health,386.15,1.7,218,775,20,724,51,783,771,356,834,319,458,829,929
298,Product_298,Health,111.83,1.4,190,262,241,852,110,305,860,180,470,552,69,437,940
299,Product_299,Home & Kitchen,313.33,3.5,417,803,454,423,948,633,424,355,774,214,384,540,983
300,Product_300,Sports,47.25,3.8,981,273,962,406,876,127,254,675,918,70,629,21,264
301,Product_301,Sports,30.58,1.1,675,2,620,567,853,624,428,67,700,567,197,832,646
302,Product_302,Books,268.02,4.7,692,27,302,389,42,938,433,291,454,918,204,796,655
303,Product_303,Electronics,272.61,1.2,546,325,595,341,210,272,206,691,365,235,725,559,18
304,Product_304,Electronics,320.53,3.2,41,939,594,945,967,847,27,180,289,280,567,516,742
305,Product_305,Books,364.42,3.8,307,148,802,613,199,441,681,465,873,986,798,761,645
306,Product_306,Books,488.05,4.5,943,539,963,932,809,502,335,433,402,616,981,674,625
307,Product_307,Toys,260.57,3.9,338,487,68,492,857,129,587,463,57,901,804,502,498
308,Product_308,Health,164.86,4.2,314,821,128,191,751,131,627,680,520,886,686,713,138
309,Product_309,Books,398.62,2.4,75,437,195,498,626,596,68,913,303,161,858,466,636
310,Product_310,Health,139.06,4.3,953,64,139,821,25,934,865,533,114,190,881,100,715
311,Product_311,Home & Kitchen,222.29,1.3,279,355,443,711,918,481,745,65,209,8,973,582,572
312,Product_312,Health,43.84,4.6,176,532,282,232,298,861,512,20,40,59,639,941,761
313,Product_313,Toys,17.55,3.2,896,251,311,944,76,389,166,611,815,892,430,674,809
314,Product_314,Sports,481.51,4.3,662,234,745,226,923,592,863,383,172,816,889,684,524
315,Product_315,Sports,418.81,2.8,273,226,534,370,136,998,729,811,233,224,324,140,907
316,Product_316,Health,349.51,3.6,837,524,664,138,19,984,784,614,792,818,441,137,254
317,Product_317,Sports,207.43,3.1,620,312,276,855,439,324,367,558,883,699,803,577,84
318,Product_318,Sports,90.78,3.9,651,48,60,816,210,68,250,38,589,581,287,709,457
319,Product_319,Clothing,82.44,1.3,862,117,318,148,751,659,858,284,619,804,225,839,531
320,Product_320,Home & Kitchen,128.87,1.2,783,53,889,114,550,447,855,821,792,286,63,227,561
321,Product_321,Toys,276.87,2,859,649,51,449,434,527,930,601,402,993,966,280,675
322,Product_322,Toys,358.72,1.6,931,564,855,62,779,818,685,596,38,168,937,683,91
323,Product_323,Sports,331.8,4.5,289,43,152,103,206,616,169,784,118,61,559,827,599
324,Product_324,Electronics,143.57,1.9,724,814,748,850,990,164,757,335,334,348,713,430,68
325,Product_325,Toys,477.66,4.9,893,52,310,870,438,487,934,187,335,441,497,39,36
326,Product_326,Home & Kitchen,370.26,2.3,272,585,813,667,973,712,89,670,538,13,848,518,764
327,Product_327,Books,279.41,1.7,930,557,543,272,778,708,560,242,615,163,925,685,763
328,Product_328,Home & Kitchen,307.8,4.2,66,524,566,5,665,425,445,72,73,419,916,662,139
329,Product_329,Sports,212.7,3.6,483,676,863,146,41,696,293,478,190,756,59,210,866
330,Product_330,Sports,127.63,3,936,101,388,183,410,833,918,973,323,846,396,301,892
331,Product_331,Clothing,181.21,3.2,248,791,547,997,522,264,149,560,146,519,256,85,679
332,Product_332,Health,380.13,3.9,156,769,621,27,805,874,131,100,766,665,576,396,565
333,Product_333,Toys,12.12,1.9,47,981,176,961,609,611,432,513,283,547,238,252,897
334,Product_334,Health,62.46,5,935,848,361,549,426,341,58,755,212,559,800,532,177
335,Product_335,Health,27.77,4.9,454,867,313,118,274,831,968,175,634,596,37,768,808
336,Product_336,Toys,25.16,3.6,201,397,806,292,447,725,835,237,717,27,24,890,812
337,Product_337,Toys,428.45,1.8,660,137,847,370,901,277,198,909,928,707,409,914,870
338,Product_338,Sports,353.31,3.7,124,674,96,243,941,673,214,58,751,445,460,380,617
339,Product_339,Toys,239.72,1.3,1,920,880,579,883,438,897,864,393,207,570,443,136
340,Product_340,Electronics,53.43,1.1,968,386,212,725,741,156,560,98,338,469,987,32,189
341,Product_341,Electronics,248.35,2,759,110,828,217,368,421,471,953,797,715,416,259,639
342,Product_342,Books,239.37,2.9,855,613,136,176,937,250,743,870,21,975,356,233,341
343,Product_343,Toys,90.73,4.5,640,16,5,298,219,877,246,953,770,818,382,514,558
344,Product_344,Clothing,219.76,3.9,191,779,108,675,576,608,381,494,868,103,808,858,4
345,Product_345,Books,202.26,4,579,181,546,57,866,529,990,946,104,741,157,307,971
346,Product_346,Sports,309.85,2.7,516,883,38,268,231,326,238,979,465,425,568,1000,256
347,Product_347,Toys,319.37,2.4,442,535,661,307,327,960,926,513,458,100,432,738,811
348,Product_348,Electronics,27.43,2.5,921,540,424,569,442,894,366,754,431,540,47,795,661
349,Product_349,Clothing,190.43,5,815,170,629,287,51,96,167,296,769,638,327,69,805
350,Product_350,Books,314.8,1.2,806,408,260,976,885,512,559,210,715,849,432,453,242
351,Product_351,Clothing,254.05,4.5,143,739,425,104,942,215,50,122,821,521,430,438,786
352,Product_352,Toys,428.96,3.3,191,377,86,227,375,131,810,228,773,105,55,824,719
353,Product_353,Home & Kitchen,331.05,2.8,533,187,464,246,262,259,609,593,618,678,576,363,414
354,Product_354,Clothing,85.65,3.9,227,857,75,699,266,124,950,655,762,977,267,982,626
355,Product_355,Clothing,39.93,2.9,313,229,470,493,358,81,727,387,935,768,68,765,706
356,Product_356,Sports,323,4.5,629,832,975,82,316,282,688,139,220,806,727,480,342
357,Product_357,Electronics,18.12,4.6,949,851,962,185,323,682,379,540,378,276,901,143,681
358,Product_358,Toys,294.96,2.7,302,118,413,251,920,58,473,390,221,64,600,23,378
359,Product_359,Clothing,470.41,2.1,654,155,824,354,907,543,79,269,257,782,448,964,593
360,Product_360,Toys,289.86,3.4,996,783,894,749,665,160,696,758,712,899,792,424,665
361,Product_361,Electronics,197.14,4.6,460,686,725,871,869,283,366,11,366,187,256,745,652
362,Product_362,Sports,323.43,1.8,401,464,456,695,877,105,460,866,769,316,671,844,825
363,Product_363,Toys,231.84,3.5,551,103,284,795,651,104,910,388,348,915,489,174,145
364,Product_364,Health,275.08,3.5,393,603,238,896,938,438,538,336,224,137,745,843,322
365,Product_365,Electronics,471.03,3.9,867,697,676,937,562,227,451,505,713,342,642,324,121
366,Product_366,Electronics,196.12,1.5,764,971,598,209,628,699,463,105,737,104,48,868,251
367,Product_367,Books,480.79,3.9,845,794,652,815,420,581,959,31,235,545,658,670,854
368,Product_368,Sports,453.15,4.6,207,501,671,807,45,317,477,73,182,379,315,859,898
369,Product_369,Sports,101.92,1.7,210,692,557,608,820,463,925,170,711,109,412,347,310
370,Product_370,Health,39.33,2,115,681,371,446,599,801,419,848,868,943,433,797,600
371,Product_371,Toys,54.89,4.9,737,698,494,459,719,598,706,68,757,544,1,17,474
372,Product_372,Home & Kitchen,14.02,1.7,646,174,623,967,888,881,213,812,443,353,840,43,569
373,Product_373,Health,51.75,4.4,251,733,918,471,268,873,368,361,864,742,951,154,491
374,Product_374,Books,343.09,3,219,744,44,719,600,471,853,648,622,316,144,866,574
375,Product_375,Sports,40.24,2,407,673,400,369,380,55,113,432,5,265,955,921,346
376,Product_376,Electronics,162.89,4.5,443,420,246,899,117,624,753,928,235,693,365,376,819
377,Product_377,Sports,423.21,2.8,603,133,615,933,565,12,502,995,126,851,419,742,486
378,Product_378,Health,16.52,3.1,354,390,596,491,952,439,635,99,103,64,572,882,472
379,Product_379,Home & Kitchen,408.16,2.4,888,991,449,922,115,17,816,657,748,332,784,827,381
380,Product_380,Clothing,144.52,3.4,558,735,484,136,629,693,587,8,914,512,560,401,279
381,Product_381,Clothing,63.49,1.7,550,500,645,366,259,972,310,573,479,132,843,224,71
382,Product_382,Sports,349.88,2.6,142,664,619,911,74,112,468,696,154,591,443,216,520
383,Product_383,Sports,316.33,4.9,612,32,17,183,479,228,823,28,256,782,915,567,365
384,Product_384,Books,439.35,2,501,54,605,587,304,170,707,892,234,752,433,30,932
385,Product_385,Sports,368.86,3.6,840,953,661,286,6,294,862,113,499,539,642,868,93
386,Product_386,Home & Kitchen,402.72,2.3,702,518,757,471,365,188,43,461,288,734,554,58,372
387,Product_387,Sports,144.61,4.1,547,755,288,374,633,425,414,920,509,534,56,891,338
388,Product_388,Toys,92.83,1.5,659,824,413,653,522,976,697,142,551,495,561,897,436
389,Product_389,Health,376.55,4.9,542,637,720,748,347,78,854,389,799,620,963,352,335
390,Product_390,Home & Kitchen,404.38,2.8,846,11,637,536,437,657,245,631,708,618,976,934,663
391,Product_391,Books,495.3,1.9,507,527,234,510,1000,918,948,681,784,656,177,444,491
392,Product_392,Toys,209.25,1.3,596,719,415,801,214,181,83,156,893,368,292,234,916
393,Product_393,Toys,189.15,1.7,881,554,937,578,428,498,206,334,775,865,45,106,867
394,Product_394,Health,389.32,3.1,281,372,498,249,790,797,150,860,568,908,169,190,39
395,Product_395,Clothing,173.7,2.3,424,483,973,919,497,761,667,259,297,909,270,991,358
396,Product_396,Home & Kitchen,465.72,4.3,856,972,633,509,539,865,527,81,609,650,416,529,573
397,Product_397,Health,429.91,2.7,270,646,649,629,746,825,164,753,136,795,847,912,253
398,Product_398,Toys,217.35,2,154,227,114,72,366,707,916,440,375,809,138,737,965
399,Product_399,Books,376.68,3.5,614,622,931,281,312,834,974,944,86,991,246,678,580
400,Product_400,Health,378.5,3.8,727,306,673,915,537,70,144,171,418,98,147,582,397
401,Product_401,Clothing,56.05,1.7,662,456,712,959,920,247,36,230,753,316,229,873,756
402,Product_402,Toys,451.76,1.7,944,159,233,359,53,145,332,719,198,122,791,565,876
403,Product_403,Health,255.1,1.1,83,330,539,9,540,617,402,74,462,319,636,244,169
404,Product_404,Home & Kitchen,414.1,3.9,622,775,10,210,466,774,413,269,436,798,703,994,689
405,Product_405,Clothing,163.42,3.7,947,224,205,834,864,295,44,898,309,592,373,861,700
406,Product_406,Home & Kitchen,448.28,2.9,899,982,678,151,163,581,401,625,595,494,79,75,510
407,Product_407,Home & Kitchen,197.65,4.4,426,728,246,4,781,469,205,61,753,456,605,546,259
408,Product_408,Home & Kitchen,10.36,4.2,275,503,558,194,333,505,61,873,280,521,737,266,583
409,Product_409,Health,453.16,3.3,713,455,757,953,546,192,419,319,322,519,64,316,983
410,Product_410,Clothing,50.19,4.5,284,44,126,282,797,67,867,101,763,916,87,811,458
411,Product_411,Health,163.06,1.8,980,213,146,463,347,493,467,428,701,716,87,120,528
412,Product_412,Health,475.28,1.4,173,58,117,112,272,816,819,873,950,314,712,835,881
413,Product_413,Health,475.55,2.1,327,643,910,270,962,51,18,721,941,945,725,24,340
414,Product_414,Toys,288.85,1.2,718,615,381,162,719,881,364,953,151,708,203,431,56
415,Product_415,Sports,317.76,3.1,63,194,411,459,749,362,299,254,993,709,912,159,217
416,Product_416,Electronics,226.98,4.7,73,924,663,104,413,796,6,531,301,541,381,595,618
417,Product_417,Toys,150.14,1.2,763,488,583,692,499,916,760,569,277,478,600,113,815
418,Product_418,Clothing,167.69,1.5,636,156,362,555,92,473,427,111,650,912,475,734,939
419,Product_419,Electronics,337.9,2.8,375,609,508,281,684,845,116,984,687,970,572,899,684
420,Product_420,Electronics,377.43,4.7,633,225,136,686,78,520,579,312,7,19,782,501,730
421,Product_421,Electronics,396.83,2.3,508,411,174,161,621,762,506,997,806,559,605,165,463
422,Product_422,Sports,395.86,3,787,204,288,982,216,430,545,460,234,968,818,702,246
423,Product_423,Health,50.15,1.2,943,78,957,350,946,843,705,707,674,129,538,174,729
424,Product_424,Books,249.74,1.6,398,123,480,433,357,297,324,886,560,292,213,0,372
425,Product_425,Clothing,33.49,4.9,120,470,18,851,617,434,54,461,301,896,73,898,416
426,Product_426,Sports,277.02,4.9,934,939,194,139,506,695,777,864,37,131,60,740,30
427,Product_427,Sports,223.56,1,437,217,329,470,558,690,991,91,135,355,697,85,367
428,Product_428,Books,444.41,4.8,829,515,935,131,180,197,41,51,821,53,542,573,558
429,Product_429,Electronics,178.7,3.6,676,601,174,86,575,127,296,804,420,889,218,319,645
430,Product_430,Health,62.95,4.5,936,103,448,687,245,531,972,519,218,792,11,400,107
431,Product_431,Books,75.78,2.8,465,392,924,182,243,983,230,811,347,386,813,381,583
432,Product_432,Books,381.95,3.1,286,630,945,367,505,410,452,97,807,264,414,717,838
433,Product_433,Sports,311.02,3,265,644,353,128,421,933,889,235,545,981,31,616,417
434,Product_434,Clothing,55.06,3.7,320,823,498,245,319,839,393,900,863,214,159,317,619
435,Product_435,Home & Kitchen,46.63,1.6,673,607,140,600,86,64,521,373,78,459,1000,802,820
436,Product_436,Health,351.98,1.1,376,979,757,577,216,693,357,580,747,457,236,249,397
437,Product_437,Books,41.02,2.2,820,433,896,669,489,240,986,926,894,801,738,524,271
438,Product_438,Health,411.82,3.8,89,330,929,898,518,368,443,556,272,42,180,674,682
439,Product_439,Books,354.59,1.8,654,142,92,377,277,535,127,648,160,585,828,554,115
440,Product_440,Electronics,45.27,3.7,203,799,943,148,848,383,690,233,686,861,557,897,840
441,Product_441,Health,46.99,4.9,821,539,238,984,721,430,404,31,877,277,340,951,585
442,Product_442,Electronics,493.39,1.4,739,277,204,851,168,966,391,288,307,837,457,622,255
443,Product_443,Sports,190.26,3.7,955,232,559,432,329,82,192,637,373,753,79,716,80
444,Product_444,Electronics,188.47,2.8,334,528,432,627,649,981,603,578,975,129,646,895,779
445,Product_445,Health,407.34,4.5,222,570,244,725,440,830,880,541,732,349,771,255,127
446,Product_446,Toys,473.89,1.7,41,89,831,468,390,696,742,113,8,705,986,306,837
447,Product_447,Health,493.07,3.8,708,491,316,445,495,950,77,203,800,543,819,949,914
448,Product_448,Books,377.92,4.4,68,198,924,480,380,827,84,28,443,105,758,143,234
449,Product_449,Electronics,191.25,4.8,988,361,294,883,305,610,29,642,112,911,472,657,552
450,Product_450,Clothing,46.33,3.7,776,440,639,293,741,573,724,473,988,715,670,390,180
451,Product_451,Toys,389.69,3,514,25,855,764,986,285,48,696,204,0,714,812,156
452,Product_452,Sports,281.41,3.5,873,24,281,142,819,988,776,252,404,756,111,675,453
453,Product_453,Home & Kitchen,214.99,4.5,637,393,16,249,672,533,144,797,697,583,979,168,570
454,Product_454,Books,453.65,3.3,622,506,70,877,512,458,68,904,852,431,291,989,856
455,Product_455,Books,60.04,1.1,598,300,268,947,747,211,57,921,196,305,949,297,760
456,Product_456,Clothing,248.85,4.7,937,338,324,974,948,125,696,385,777,908,821,232,703
457,Product_457,Home & Kitchen,10.62,3.8,632,266,793,301,187,412,573,61,773,526,630,902,23
458,Product_458,Home & Kitchen,236.99,3.7,127,460,304,24,929,498,478,514,759,52,382,270,472
459,Product_459,Sports,32.87,1.9,255,692,450,788,515,424,819,429,114,939,16,59,399
460,Product_460,Sports,63.81,3.6,695,455,6,983,912,553,444,579,120,519,492,295,947
461,Product_461,Toys,63.18,2.6,16,359,313,888,643,609,295,536,652,329,330,466,591
462,Product_462,Books,326.36,3.6,477,67,816,889,426,960,677,690,64,557,925,234,133
463,Product_463,Electronics,374.29,1.4,62,862,102,900,501,542,170,140,275,324,738,676,420
464,Product_464,Sports,293.77,3.6,881,411,820,69,729,157,574,742,824,113,872,705,212
465,Product_465,Clothing,481.28,5,432,970,192,624,259,111,146,299,238,146,485,233,899
466,Product_466,Clothing,190.56,1.2,670,490,752,874,512,401,483,674,301,165,405,367,481
467,Product_467,Clothing,146.43,4.9,268,832,573,111,70,758,305,310,391,378,116,694,347
468,Product_468,Health,434.96,2.6,35,48,528,363,477,121,672,470,521,138,554,844,165
469,Product_469,Sports,115.68,4.5,779,686,170,302,177,272,652,392,968,628,879,231,936
470,Product_470,Sports,481.8,4.1,576,563,536,470,456,293,845,641,368,298,114,872,347
471,Product_471,Clothing,11.02,3.3,494,101,250,963,188,397,608,444,232,275,794,490,848
472,Product_472,Sports,485.09,4,562,215,764,90,290,470,445,757,194,915,548,618,397
473,Product_473,Health,26.36,4.5,469,437,386,529,519,984,220,808,906,788,813,502,582
474,Product_474,Electronics,446.12,2.6,767,699,206,660,764,206,554,171,11,849,624,889,725
475,Product_475,Electronics,266.21,2.3,661,568,540,987,919,109,944,575,905,824,546,734,434
476,Product_476,Toys,496.52,3.7,325,558,628,738,978,439,803,30,920,177,643,591,576
477,Product_477,Books,41.53,4.2,304,158,415,725,291,277,377,46,688,841,335,745,220
478,Product_478,Electronics,279.16,4,276,488,793,871,945,962,619,129,176,353,335,380,307
479,Product_479,Toys,484.8,4.2,869,685,379,662,755,567,265,351,216,153,980,695,990
480,Product_480,Home & Kitchen,263.93,2.7,963,241,143,191,634,886,94,977,10,925,921,427,797
481,Product_481,Books,316.55,4.3,684,793,24,962,810,914,261,844,445,200,888,696,696
482,Product_482,Electronics,349.4,1.5,929,752,821,551,282,568,824,621,629,877,739,645,718
483,Product_483,Health,230,3.2,201,881,667,241,543,939,896,580,163,114,146,731,465
484,Product_484,Home & Kitchen,315.64,1,445,4,72,137,845,481,70,57,550,670,121,799,98
485,Product_485,Toys,294.24,2.3,905,595,631,344,376,802,953,105,52,553,80,363,241
486,Product_486,Electronics,451.07,2.5,324,819,823,179,657,113,218,811,217,758,684,201,157
487,Product_487,Electronics,27.5,2.6,35,360,832,711,155,892,532,329,717,67,665,881,609
488,Product_488,Sports,144.08,3.8,977,458,92,502,507,896,91,767,998,444,661,145,553
489,Product_489,Home & Kitchen,475.45,2.6,482,247,504,202,412,819,126,823,823,444,374,835,650
490,Product_490,Electronics,445.68,2.8,728,565,597,572,527,852,79,682,359,325,569,638,794
491,Product_491,Clothing,230.55,2,480,672,335,191,354,476,823,382,384,845,62,456,919
492,Product_492,Health,311.97,2.5,65,945,424,4,558,709,237,984,55,707,503,134,226
493,Product_493,Sports,142.3,1.9,8,421,498,889,762,932,982,161,117,601,667,625,422
494,Product_494,Sports,98.12,1.3,301,922,363,236,186,320,371,996,899,622,448,263,71
495,Product_495,Electronics,234.53,3.4,343,737,946,692,30,178,915,285,252,879,427,63,242
496,Product_496,Health,179.91,3.7,431,14,629,310,259,896,485,70,797,358,867,490,529
497,Product_497,Sports,293.91,3.5,424,735,744,548,420,218,693,766,779,144,426,646,588
498,Product_498,Books,43.48,2.9,332,572,198,55,528,788,24,453,802,274,420,40,44
499,Product_499,Home & Kitchen,487.33,2.5,438,121,717,442,550,948,155,885,844,508,321,295,471
500,Product_500,Books,493.17,4.5,588,276,412,236,303,527,516,566,179,178,912,2,370
501,Product_501,Toys,350.59,3.1,174,557,338,869,941,491,631,834,414,752,679,912,854
502,Product_502,Books,270.37,2.9,559,452,658,860,985,890,788,396,869,837,165,705,651
503,Product_503,Health,158.22,1.1,527,389,961,196,943,60,529,514,234,830,596,974,688
504,Product_504,Clothing,407.83,2.4,873,293,936,584,38,53,942,25,854,476,956,109,733
505,Product_505,Sports,343.94,2.5,659,573,428,570,488,679,709,312,707,842,648,220,926
506,Product_506,Health,85.5,2.6,26,597,782,751,643,537,56,125,819,975,460,369,91
507,Product_507,Sports,455.91,3.3,820,445,898,513,541,847,604,407,79,413,458,367,21
508,Product_508,Clothing,412.16,3.1,605,209,138,448,669,987,18,564,646,152,188,435,171
509,Product_509,Sports,475.15,3.4,406,589,692,359,277,64,383,197,21,103,463,917,603
510,Product_510,Books,364.23,4.1,232,713,941,699,202,611,864,810,476,74,911,3,191
511,Product_511,Toys,308.64,4.3,533,301,541,818,65,585,192,187,842,127,378,243,76
512,Product_512,Electronics,212.03,3.9,819,908,56,29,107,703,236,697,439,710,1,901,280
513,Product_513,Clothing,466.7,4.8,550,222,231,778,267,170,386,816,736,665,617,165,363
514,Product_514,Books,433.7,1.1,788,733,657,987,221,272,425,809,569,567,363,25,178
515,Product_515,Health,27.38,1.8,505,2,434,107,803,888,276,715,92,789,71,394,237
516,Product_516,Books,18.05,1,669,989,383,843,529,698,226,483,191,344,426,473,134
517,Product_517,Books,191.35,3.6,179,517,559,934,89,534,744,449,102,530,637,16,876
518,Product_518,Electronics,406.22,4.6,132,92,193,601,692,390,551,522,395,158,169,727,901
519,Product_519,Home & Kitchen,493.7,2,823,519,735,716,254,939,322,870,6,537,204,91,279
520,Product_520,Sports,79.46,4.7,455,427,647,890,454,692,152,353,639,425,824,482,18
521,Product_521,Sports,299.09,1.2,348,492,533,967,252,326,638,985,566,680,336,542,594
522,Product_522,Health,193.54,4.7,540,234,517,958,256,107,236,657,230,995,998,204,739
523,Product_523,Toys,485.11,2.4,772,619,715,959,382,846,997,596,873,22,471,501,370
524,Product_524,Health,421.85,1.4,406,160,750,444,441,161,54,99,573,46,194,930,776
525,Product_525,Home & Kitchen,419.97,2.9,76,720,184,892,857,813,979,615,239,524,669,399,111
526,Product_526,Sports,237,2,941,751,871,437,598,451,435,947,89,728,652,206,762
527,Product_527,Toys,210.34,2.1,579,330,291,731,89,205,683,557,231,833,274,618,675
528,Product_528,Health,140.34,2.2,854,332,334,889,748,589,108,555,456,705,6,145,869
529,Product_529,Toys,32.91,4.2,492,49,731,605,389,15,865,277,232,143,904,878,679
530,Product_530,Books,433.04,3.2,194,522,115,456,581,326,980,692,353,584,978,100,220
531,Product_531,Clothing,407.39,2.2,984,862,824,614,43,607,183,698,332,667,565,879,919
532,Product_532,Books,499.86,3.4,162,667,48,734,711,658,950,989,438,588,615,829,303
533,Product_533,Electronics,498.34,3.9,347,491,684,697,663,1,367,625,374,418,853,879,702
534,Product_534,Sports,279.94,2.1,951,581,81,980,597,9,982,490,291,680,849,240,324
535,Product_535,Toys,385.65,2.7,361,680,833,695,18,433,197,254,344,972,572,1000,436
536,Product_536,Health,472.66,1.5,769,271,332,494,100,124,370,380,663,798,598,922,437
537,Product_537,Clothing,425.58,1.7,584,579,556,673,913,80,372,891,427,84,769,758,169
538,Product_538,Health,127.44,3.7,87,866,334,246,606,484,972,541,656,415,177,162,374
539,Product_539,Sports,228.02,1.7,934,251,531,542,765,651,496,263,129,693,241,883,556
540,Product_540,Toys,68.93,3.1,262,559,959,563,356,837,598,609,140,481,202,172,380
541,Product_541,Toys,477.26,3.8,214,695,220,856,541,149,200,824,414,455,542,501,985
542,Product_542,Books,305.06,1.4,665,831,634,587,760,799,848,878,92,826,800,546,13
543,Product_543,Clothing,118.18,3.3,722,698,745,896,937,872,508,328,625,296,461,283,742
544,Product_544,Clothing,337.49,2,913,89,732,438,32,339,321,114,283,111,79,358,668
545,Product_545,Sports,310.97,4.9,573,445,322,277,969,128,274,275,955,961,522,380,499
546,Product_546,Toys,182.29,2.9,780,331,850,551,228,437,210,487,922,229,416,869,645
547,Product_547,Clothing,61.21,4.2,262,138,2,612,523,750,503,280,654,95,765,904,390
548,Product_548,Clothing,337.43,3.2,730,356,693,110,629,500,902,274,222,949,383,971,548
549,Product_549,Health,262.55,1.2,283,600,205,384,861,57,117,772,743,679,390,910,564
550,Product_550,Sports,387.3,3.5,648,273,831,832,154,197,702,842,462,377,895,532,529
551,Product_551,Books,262.48,4.8,467,18,39,760,422,210,553,718,544,155,798,819,982
552,Product_552,Health,426.83,3.4,380,982,58,190,904,913,41,895,275,420,687,162,491
553,Product_553,Health,278.19,4.3,362,310,950,489,245,901,314,327,681,104,125,608,549
554,Product_554,Home & Kitchen,282.66,4.5,449,869,573,693,404,44,787,210,139,704,493,306,698
555,Product_555,Electronics,438.94,1.9,441,885,643,425,843,96,328,726,356,1000,46,338,384
556,Product_556,Home & Kitchen,204.72,1.8,93,977,506,404,758,278,16,922,712,329,717,54,195
557,Product_557,Clothing,71.34,3.4,621,153,571,334,540,534,282,551,22,438,475,982,754
558,Product_558,Toys,19.25,2.6,753,389,883,208,160,409,942,991,967,131,948,332,299
559,Product_559,Electronics,378.79,4.4,867,259,842,21,746,460,257,25,735,866,618,126,814
560,Product_560,Electronics,312.05,4.6,424,619,121,677,701,390,574,26,879,381,463,939,546
561,Product_561,Toys,353.52,2.4,142,882,478,610,116,846,573,701,269,137,786,704,726
562,Product_562,Electronics,110.42,1.9,291,796,618,207,270,43,611,82,858,942,848,242,730
563,Product_563,Toys,72.5,4.1,432,570,95,7,769,26,18,895,664,842,122,860,827
564,Product_564,Electronics,12.2,2.1,749,124,858,701,691,793,528,945,332,269,473,599,601
565,Product_565,Health,178.54,4.3,852,353,413,686,486,96,836,681,84,549,133,847,307
566,Product_566,Sports,297.01,2.7,824,272,234,784,884,974,422,412,620,395,618,408,251
567,Product_567,Sports,199.16,3.7,689,618,897,528,171,547,465,166,30,556,816,502,7
568,Product_568,Home & Kitchen,221.55,1.4,653,810,61,601,949,620,372,699,740,912,840,726,767
569,Product_569,Health,452.56,3.5,701,244,255,652,273,566,757,168,239,463,561,603,874
570,Product_570,Electronics,177.39,2.8,998,847,560,656,258,703,762,800,889,674,848,302,207
571,Product_571,Books,259.42,3.3,49,449,904,165,134,218,966,978,362,449,606,463,936
572,Product_572,Toys,392.91,1.7,302,929,347,848,682,184,80,228,821,330,779,234,130
573,Product_573,Health,201.29,3.9,881,246,670,495,721,68,550,978,388,252,22,695,735
574,Product_574,Electronics,312.93,4.5,190,519,123,589,747,828,547,608,652,680,565,37,708
575,Product_575,Sports,431.87,1.9,136,140,481,428,421,129,423,366,667,962,885,138,979
576,Product_576,Sports,475.01,1.4,555,361,316,773,420,566,428,527,298,284,765,194,653
577,Product_577,Toys,77.8,1.1,404,7,503,162,185,889,387,790,856,273,964,526,763
578,Product_578,Books,463.66,3.6,892,477,718,365,928,608,997,646,370,19,234,768,607
579,Product_579,Electronics,248.6,3.4,865,351,47,525,363,847,920,537,98,238,995,646,25
580,Product_580,Electronics,132.83,3.2,602,995,408,238,954,598,708,863,46,269,58,0,622
581,Product_581,Books,232.27,1.9,807,494,931,71,606,805,669,523,998,417,163,560,453
582,Product_582,Books,490.12,2.6,341,605,135,444,377,630,203,71,838,944,770,95,634
583,Product_583,Books,248.85,3.4,757,832,200,654,522,719,195,644,421,309,825,712,185
584,Product_584,Sports,167.73,3,945,426,249,821,579,333,727,105,479,30,215,412,483
585,Product_585,Toys,318.53,5,704,38,313,508,890,924,284,731,578,825,182,537,679
586,Product_586,Health,123.87,1.5,318,592,868,794,721,153,968,884,61,103,568,854,50
587,Product_587,Books,42.55,3.8,618,186,367,268,195,546,195,964,108,681,656,428,890
588,Product_588,Toys,68.8,2.6,363,595,428,752,880,78,306,688,678,185,934,234,4
589,Product_589,Home & Kitchen,68.38,2.7,822,599,829,414,97,578,663,281,548,127,89,348,588
590,Product_590,Electronics,80.19,3.9,382,753,806,244,604,854,13,132,118,209,963,755,159
591,Product_591,Electronics,73.72,3.8,233,853,479,674,983,412,836,533,597,413,310,869,207
592,Product_592,Clothing,322.23,5,777,92,313,59,21,545,145,974,381,280,556,480,256
593,Product_593,Home & Kitchen,95.03,1.5,344,85,499,5,449,608,937,268,391,958,971,838,204
594,Product_594,Health,176.11,1.4,549,43,720,708,171,168,56,411,976,252,256,395,766
595,Product_595,Books,448.91,3.9,817,136,354,981,382,680,722,672,51,18,532,350,949
596,Product_596,Books,239.61,3.3,553,420,484,569,133,662,779,618,602,711,978,415,10
597,Product_597,Health,335.44,2.1,529,73,210,816,425,582,209,790,288,731,532,885,948
598,Product_598,Sports,90.3,1.3,856,547,703,406,24,514,528,864,336,135,51,915,7
599,Product_599,Home & Kitchen,100.18,1.3,789,612,43,216,502,313,797,746,809,222,337,886,408
600,Product_600,Books,25.23,4.6,819,987,540,929,184,31,343,17,203,2,170,50,935
601,Product_601,Clothing,88.62,1.8,571,511,570,25,84,286,714,753,879,962,947,80,31
602,Product_602,Toys,142.9,2.3,935,155,582,814,566,593,610,116,237,235,66,35,983
603,Product_603,Electronics,92.62,1.9,183,937,91,4,762,42,278,797,381,853,624,66,539
604,Product_604,Home & Kitchen,48.91,2.4,41,254,264,985,143,902,208,793,666,464,299,640,717
605,Product_605,Electronics,64.71,1.3,551,170,894,531,862,616,640,143,751,227,671,881,386
606,Product_606,Toys,233.09,3.1,397,980,219,389,909,0,334,716,135,912,777,666,227
607,Product_607,Home & Kitchen,107.14,1.3,704,727,901,709,678,572,287,550,406,653,831,756,639
608,Product_608,Toys,185.31,4.2,779,169,924,570,411,269,251,928,507,498,231,622,766
609,Product_609,Books,254.19,1.9,494,763,441,447,223,179,264,665,361,520,974,679,474
610,Product_610,Health,346.75,3.2,659,871,400,753,219,735,270,687,380,701,836,480,723
611,Product_611,Books,24.46,4.5,907,321,399,145,178,517,923,960,880,861,67,467,750
612,Product_612,Health,400.71,3.6,333,566,726,387,630,102,919,752,575,916,505,141,206
613,Product_613,Books,315.81,3.1,127,455,990,784,432,9,699,421,634,971,27,355,317
614,Product_614,Toys,45.47,2.3,558,943,898,248,264,582,418,897,253,676,948,708,794
615,Product_615,Toys,437.42,2.3,557,602,788,525,953,89,725,368,476,991,627,470,756
616,Product_616,Toys,460.83,3.7,1,789,575,461,428,225,794,645,113,138,50,620,556
617,Product_617,Electronics,35.23,5,168,612,857,12,661,669,210,557,19,275,692,887,616
618,Product_618,Toys,142.05,3.6,620,154,803,902,415,739,364,49,527,290,259,590,347
619,Product_619,Books,404.07,3.2,19,888,489,383,452,916,75,677,144,52,590,901,792
620,Product_620,Clothing,375.39,3.9,332,348,484,555,726,125,659,105,207,686,784,672,233
621,Product_621,Toys,96.34,2.9,584,450,756,886,196,955,320,215,530,109,619,438,700
622,Product_622,Clothing,108.63,1.2,456,875,469,398,553,208,724,657,375,714,962,530,43
623,Product_623,Health,188.38,3.2,957,652,573,18,52,96,432,922,503,947,585,126,736
624,Product_624,Books,244.84,4.8,109,172,937,574,479,73,108,424,903,647,686,204,941
625,Product_625,Toys,311.04,1.7,268,9,843,490,442,626,640,71,165,3,183,28,141
626,Product_626,Electronics,187.61,3.8,445,739,681,750,329,190,521,987,549,666,22,444,647
627,Product_627,Electronics,233.95,1.8,240,264,444,418,250,681,46,841,180,683,785,965,175
628,Product_628,Health,375,3.1,929,437,268,336,806,818,378,784,860,935,128,718,653
629,Product_629,Clothing,23.16,1.4,301,759,266,418,889,959,826,758,616,869,290,463,448
630,Product_630,Sports,129.96,2.8,602,246,53,914,782,715,95,445,611,46,831,279,591
631,Product_631,Electronics,358.11,4,103,666,527,915,966,55,957,924,601,93,500,150,81
632,Product_632,Electronics,448.13,2.4,988,545,519,611,924,719,102,185,926,939,185,239,134
633,Product_633,Electronics,258.28,3.7,250,498,615,674,122,552,891,69,811,559,478,265,718
634,Product_634,Books,268.4,4.2,453,128,58,927,878,31,853,973,443,751,570,693,855
635,Product_635,Electronics,58.05,4.7,520,671,824,121,386,526,145,149,331,858,491,104,176
636,Product_636,Home & Kitchen,226.47,1.9,153,600,39,431,338,573,879,245,502,212,512,936,382
637,Product_637,Toys,268.65,2.6,859,604,236,43,777,666,941,773,912,435,642,432,242
638,Product_638,Health,125.02,1.6,174,326,954,871,347,283,927,537,78,851,66,912,566
639,Product_639,Electronics,138.28,5,343,752,385,919,28,720,26,934,584,507,804,496,140
640,Product_640,Sports,191.76,4.7,670,834,605,316,974,831,731,651,934,835,466,439,456
641,Product_641,Sports,14.94,3.2,431,979,733,380,34,493,529,98,937,650,284,747,439
642,Product_642,Electronics,164.43,4.4,727,403,715,144,517,186,678,909,687,204,600,684,55
643,Product_643,Electronics,109.67,3.1,689,628,649,326,395,497,944,277,395,380,416,157,526
644,Product_644,Home & Kitchen,167.11,3.5,687,605,299,362,622,441,988,562,607,72,99,171,696
645,Product_645,Electronics,64.28,1.4,852,674,394,49,293,129,81,662,856,515,188,493,825
646,Product_646,Electronics,445.81,4,850,610,206,64,588,638,427,943,102,75,988,969,418
647,Product_647,Toys,298.83,1.5,658,624,335,354,348,291,583,454,401,840,889,310,87
648,Product_648,Sports,341.16,4.3,962,358,592,799,146,113,821,103,974,76,857,402,608
649,Product_649,Home & Kitchen,395.64,4.1,324,602,729,163,66,198,478,945,223,815,387,668,655
650,Product_650,Sports,251.73,3.8,990,857,513,140,903,12,765,600,517,767,240,769,7
651,Product_651,Home & Kitchen,48.03,1.1,673,717,177,965,519,270,161,652,633,409,781,675,476
652,Product_652,Sports,270.87,2.2,639,16,395,825,121,600,838,724,235,613,730,658,214
653,Product_653,Electronics,295.49,2.1,420,273,370,127,339,214,931,232,426,105,416,902,684
654,Product_654,Sports,373.99,2.4,594,684,857,397,174,443,401,393,115,844,917,665,734
655,Product_655,Sports,218.67,1.4,485,115,790,932,899,789,507,500,162,550,175,462,551
656,Product_656,Home & Kitchen,68.15,4.7,659,860,657,879,690,511,37,694,225,475,386,366,496
657,Product_657,Health,145.47,3.2,751,979,317,462,596,446,954,250,229,825,470,549,693
658,Product_658,Clothing,184.73,2.2,412,692,735,750,450,985,510,520,181,274,852,642,502
659,Product_659,Home & Kitchen,324.73,2.6,936,90,368,835,556,992,392,78,248,87,232,869,781
660,Product_660,Home & Kitchen,287.54,2.8,84,81,383,807,135,714,712,51,317,722,662,254,698
661,Product_661,Home & Kitchen,181.27,3.4,113,323,61,186,854,73,493,897,964,880,451,207,244
662,Product_662,Books,493.33,3.1,737,960,805,719,15,536,199,920,209,76,276,449,477
663,Product_663,Health,304.86,4.7,332,113,504,731,332,100,254,780,655,76,228,94,308
664,Product_664,Books,122.43,3,378,768,238,911,194,175,178,225,391,441,170,859,230
665,Product_665,Books,55.38,5,755,57,194,189,495,426,546,50,856,539,734,838,382
666,Product_666,Home & Kitchen,80.67,4.4,655,153,677,387,8,116,593,185,95,244,212,477,154
667,Product_667,Clothing,126.75,1.8,41,876,962,428,827,165,388,33,893,577,281,682,174
668,Product_668,Home & Kitchen,84.54,4.7,935,403,221,857,333,40,397,802,857,777,40,761,847
669,Product_669,Electronics,97.35,1.5,770,627,60,283,332,428,731,741,755,381,121,189,114
670,Product_670,Clothing,146.12,4.3,959,854,128,863,326,343,157,130,85,981,226,710,389
671,Product_671,Books,90.82,2.5,797,265,989,236,14,423,3,631,414,716,293,483,310
672,Product_672,Sports,448.9,4.5,105,314,684,193,838,365,166,442,393,569,599,732,992
673,Product_673,Sports,44.72,4.5,202,714,991,286,613,119,467,837,695,712,266,535,299
674,Product_674,Health,264.63,4.2,450,40,155,770,225,608,959,758,632,736,1000,755,17
675,Product_675,Toys,208.15,4.2,819,104,916,757,424,656,408,431,843,141,540,422,783
676,Product_676,Health,491.28,2.2,843,900,377,135,789,727,411,703,500,892,758,835,11
677,Product_677,Clothing,60.46,1.3,973,889,621,791,407,228,203,496,603,367,827,639,403
678,Product_678,Books,201.94,2.6,266,192,780,782,112,824,193,402,581,83,450,604,812
679,Product_679,Clothing,484.89,1.7,910,400,922,170,996,129,234,322,915,142,448,811,703
680,Product_680,Clothing,433.43,3.8,210,277,867,158,427,351,717,209,132,351,755,132,231
681,Product_681,Sports,409.45,2.4,563,353,902,200,0,888,149,614,790,544,60,54,954
682,Product_682,Home & Kitchen,132.66,4.9,118,748,789,486,265,317,158,328,648,912,501,988,604
683,Product_683,Electronics,89.59,3.6,713,936,585,556,490,983,278,371,313,151,146,509,989
684,Product_684,Toys,335.98,4.3,377,732,998,961,207,648,815,459,698,157,685,669,729
685,Product_685,Books,465.04,1.5,551,579,436,775,621,835,403,132,220,445,944,540,277
686,Product_686,Clothing,280.6,4.4,540,708,974,582,711,336,892,834,975,652,789,409,352
687,Product_687,Toys,287.95,4.7,771,255,206,503,951,272,677,650,437,957,333,210,998
688,Product_688,Clothing,143.59,2.9,84,650,387,875,368,116,310,120,45,762,880,665,302
689,Product_689,Sports,385.9,3.4,454,823,479,370,984,817,67,605,789,302,952,292,540
690,Product_690,Electronics,97.59,4.1,667,946,790,102,305,367,462,451,191,623,890,986,469
691,Product_691,Sports,165.22,1.7,629,660,886,124,11,93,87,964,519,655,141,733,812
692,Product_692,Toys,215.59,3,514,98,837,312,344,167,216,128,378,449,43,114,76
693,Product_693,Books,256.27,2.6,605,587,983,975,464,953,0,90,787,720,143,948,520
694,Product_694,Clothing,124.99,1.6,678,281,339,994,699,714,134,603,690,223,864,669,23
695,Product_695,Electronics,61.84,2.5,387,882,868,797,665,340,696,574,333,42,332,258,14
696,Product_696,Sports,307.26,1.3,912,402,339,457,493,660,350,28,38,263,997,762,675
697,Product_697,Toys,147.87,1.1,350,108,203,229,367,913,139,721,292,755,496,121,524
698,Product_698,Sports,292.71,1.5,296,699,160,657,845,694,617,523,689,2,395,298,346
699,Product_699,Clothing,81.41,4.9,258,198,539,881,936,924,132,332,161,636,54,774,171
700,Product_700,Clothing,243.16,3.2,81,302,391,196,419,151,619,296,330,267,306,380,868
701,Product_701,Books,268.63,4.9,937,326,768,884,888,585,177,129,885,595,869,560,326
702,Product_702,Electronics,30.65,2.7,268,153,676,732,790,876,809,292,103,15,422,888,711
703,Product_703,Home & Kitchen,171.62,2.2,419,551,574,422,170,912,357,172,160,333,416,840,484
704,Product_704,Sports,71.54,3,235,644,533,571,133,273,379,719,798,463,672,500,488
705,Product_705,Clothing,36.37,2.8,833,404,69,609,964,553,907,943,634,58,796,296,461
706,Product_706,Toys,495.03,1.4,311,461,892,170,426,495,870,23,53,176,324,361,377
707,Product_707,Sports,164.57,3.6,813,131,404,381,24,723,657,98,939,62,709,588,587
708,Product_708,Books,405.89,1.9,975,790,607,172,529,100,449,405,33,957,670,462,163
709,Product_709,Books,131.05,3.5,986,873,674,662,189,556,585,355,241,560,79,437,371
710,Product_710,Clothing,342.34,3.6,357,83,590,452,140,81,462,138,966,306,30,126,572
711,Product_711,Clothing,381.31,1.6,213,398,516,349,554,528,989,502,889,245,984,196,999
712,Product_712,Clothing,299.84,1.2,574,753,827,901,845,72,107,825,112,288,111,220,976
713,Product_713,Health,238.43,4.1,49,627,119,951,795,13,121,173,317,797,557,994,423
714,Product_714,Home & Kitchen,208.86,2.8,127,108,813,633,657,432,16,28,22,954,864,90,756
715,Product_715,Clothing,177.69,1.2,223,220,689,493,314,156,195,930,557,331,716,410,476
716,Product_716,Sports,465.12,5,921,903,687,619,443,734,326,495,823,526,563,7,381
717,Product_717,Sports,416.16,1.2,279,552,901,3,318,131,317,654,646,849,649,543,154
718,Product_718,Health,482.69,3.8,408,367,216,92,440,337,808,827,117,254,471,467,256
719,Product_719,Health,66.53,4.9,505,146,55,918,91,403,478,350,984,603,73,319,755
720,Product_720,Electronics,366.78,2,294,111,365,5,178,375,251,553,700,509,552,393,673
721,Product_721,Toys,469.48,1.6,796,614,698,287,55,887,502,1000,642,790,478,268,67
722,Product_722,Clothing,94.71,1.5,277,557,503,617,154,558,998,298,933,717,588,190,343
723,Product_723,Sports,37.92,2.2,438,923,743,145,671,106,118,719,211,605,386,860,276
724,Product_724,Health,371.85,1.4,107,493,766,782,110,619,673,841,417,736,698,674,672
725,Product_725,Sports,289.36,3.8,658,504,924,423,136,264,709,944,112,812,881,60,390
726,Product_726,Sports,421.71,1.2,420,474,454,889,231,204,497,191,43,829,563,437,448
727,Product_727,Health,74.19,3,611,835,103,607,991,78,485,671,127,462,929,263,1000
728,Product_728,Home & Kitchen,398.66,5,429,889,76,456,467,154,44,63,875,198,432,796,258
729,Product_729,Health,104.81,4.3,375,270,229,740,731,782,313,754,157,270,411,94,306
730,Product_730,Health,86.01,3.5,73,994,913,201,480,987,178,769,784,745,466,552,846
731,Product_731,Toys,86.31,2.2,949,420,257,211,67,996,893,663,826,557,598,925,94
732,Product_732,Health,408.21,3.5,998,896,263,5,813,246,417,214,393,63,620,469,949
733,Product_733,Books,334.27,3.1,634,706,330,623,248,530,555,833,866,229,991,660,463
734,Product_734,Health,263.92,2.7,30,366,992,375,993,857,782,165,851,941,908,715,969
735,Product_735,Sports,182.62,1.5,188,279,181,890,322,947,77,542,511,951,736,778,245
736,Product_736,Clothing,439.21,4.5,364,282,892,446,921,537,325,882,913,248,993,513,732
737,Product_737,Sports,199.26,2.8,866,39,767,834,903,728,689,231,44,245,992,689,634
738,Product_738,Toys,409.22,1.8,800,958,549,105,517,153,356,793,107,939,247,936,186
739,Product_739,Books,222.37,2.5,451,188,687,650,975,153,415,540,218,586,580,193,773
740,Product_740,Health,191.59,2.7,195,163,26,810,791,685,962,194,442,156,119,481,924
741,Product_741,Home & Kitchen,234.03,4.3,156,993,275,400,431,91,514,505,829,734,66,898,784
742,Product_742,Electronics,154.18,3.9,172,988,651,95,486,432,213,333,314,701,572,335,372
743,Product_743,Health,375.07,4.1,847,535,298,387,605,337,853,767,176,984,955,434,571
744,Product_744,Clothing,253.85,1,41,535,956,958,428,479,73,792,227,563,326,195,405
745,Product_745,Electronics,119.95,2.7,63,3,798,451,268,692,562,303,702,949,919,854,407
746,Product_746,Home & Kitchen,450.29,2.9,23,834,90,848,708,130,578,832,982,87,702,248,124
747,Product_747,Toys,195.03,1.1,360,289,479,808,536,449,508,436,671,312,469,497,336
748,Product_748,Toys,274.06,2,75,952,572,978,147,992,331,322,905,850,492,211,340
749,Product_749,Home & Kitchen,453.7,4,560,432,457,900,117,809,92,501,266,65,700,664,562
750,Product_750,Sports,314,1.5,672,470,450,415,849,786,687,857,869,661,662,669,177
751,Product_751,Home & Kitchen,62.86,3.1,825,180,364,725,366,272,656,913,837,19,285,465,650
752,Product_752,Health,470.22,1.9,118,247,858,503,849,928,518,392,378,32,955,873,951
753,Product_753,Clothing,315.72,1,612,627,674,453,65,587,268,805,488,839,913,650,838
754,Product_754,Books,170.78,2,380,278,350,290,969,176,375,598,701,792,607,220,169
755,Product_755,Health,73.94,4.9,929,876,654,533,812,695,833,148,686,557,311,272,38
756,Product_756,Health,398.04,4.2,920,580,399,192,369,830,3,760,289,72,308,153,68
757,Product_757,Health,311.94,4.8,679,862,252,979,174,642,137,832,995,865,774,248,235
758,Product_758,Electronics,269.06,3,290,253,780,149,830,874,230,404,356,824,96,278,559
759,Product_759,Electronics,447.48,1.4,440,180,880,879,587,48,599,282,656,342,964,439,380
760,Product_760,Toys,395.36,3.2,668,829,802,758,494,566,528,361,743,132,112,947,56
761,Product_761,Health,80.08,2.8,933,680,458,778,972,665,51,378,871,54,987,815,276
762,Product_762,Sports,159.3,4.4,7,824,698,972,113,354,645,197,949,60,636,275,849
763,Product_763,Toys,128,1.4,196,508,916,762,110,711,722,555,203,856,455,513,98
764,Product_764,Clothing,373.25,3,421,760,498,514,760,307,324,355,212,519,462,87,915
765,Product_765,Home & Kitchen,21.6,1.6,568,699,949,392,438,867,991,539,551,271,947,798,526
766,Product_766,Electronics,287.1,2.3,833,565,970,315,714,884,969,428,786,245,131,922,324
767,Product_767,Health,382.42,3.9,193,325,925,75,146,629,904,16,322,175,929,641,460
768,Product_768,Clothing,439,2.9,559,356,507,598,34,774,730,638,593,627,964,504,178
769,Product_769,Toys,174.33,2.5,148,824,303,269,998,45,716,378,180,316,928,589,843
770,Product_770,Toys,411.52,2.6,787,649,500,224,308,301,722,679,498,782,120,771,573
771,Product_771,Electronics,59.76,2.8,669,679,802,529,537,867,276,505,319,704,196,240,118
772,Product_772,Toys,423.99,4.1,202,390,597,112,749,911,535,755,82,661,805,652,468
773,Product_773,Sports,68.11,4.6,444,614,165,250,13,407,485,898,302,130,481,739,548
774,Product_774,Toys,201.66,4.8,914,933,414,232,373,188,515,75,261,101,633,674,645
775,Product_775,Books,399.66,4.1,988,84,461,840,556,821,151,230,783,309,793,235,454
776,Product_776,Home & Kitchen,79.21,2.3,419,316,919,790,427,829,954,715,199,781,896,127,25
777,Product_777,Toys,118.48,3.8,427,211,113,713,727,128,482,961,239,291,771,502,489
778,Product_778,Books,362.52,2.8,479,514,432,82,232,560,258,247,913,721,38,199,7
779,Product_779,Clothing,361.42,2,475,383,991,124,704,536,323,301,691,494,565,961,968
780,Product_780,Toys,322.37,4.4,126,690,355,174,562,265,868,725,943,360,511,901,986
781,Product_781,Sports,348.5,1.2,395,341,927,68,938,117,167,214,682,337,473,542,515
782,Product_782,Clothing,273.65,4.6,817,814,694,46,886,463,687,157,294,578,160,501,532
783,Product_783,Health,129.64,2.8,881,963,206,883,725,143,309,68,511,9,288,649,926
784,Product_784,Toys,176.12,3.5,806,987,767,255,662,441,802,392,688,48,199,491,148
785,Product_785,Electronics,94.89,3.6,576,843,234,726,439,199,478,84,880,486,787,20,487
786,Product_786,Books,454.68,4.6,325,37,441,29,501,156,55,266,395,622,527,233,24
787,Product_787,Books,293.78,3.5,392,510,354,280,274,486,619,68,748,320,916,713,998
788,Product_788,Electronics,203.42,3.5,930,419,514,923,849,859,472,610,137,730,684,790,654
789,Product_789,Home & Kitchen,233.69,1.3,688,750,207,993,75,133,295,346,838,568,502,642,756
790,Product_790,Health,473.91,3.1,628,168,708,236,438,911,460,961,877,794,247,415,930
791,Product_791,Sports,80.91,1.6,440,964,852,247,731,147,323,727,822,970,382,147,944
792,Product_792,Books,295.18,3.9,204,908,124,367,859,335,813,926,128,624,217,969,554
793,Product_793,Clothing,255.41,3,486,342,137,494,955,70,845,672,48,132,86,28,424
794,Product_794,Sports,307.67,3.7,833,825,338,24,698,232,140,422,675,582,81,360,292
795,Product_795,Books,13.96,1.2,31,305,536,585,288,333,666,605,788,82,61,307,184
796,Product_796,Health,436.7,1.3,388,541,67,717,914,810,261,173,292,56,798,882,553
797,Product_797,Home & Kitchen,466.4,3.9,625,701,572,489,539,665,784,676,627,375,499,941,430
798,Product_798,Health,284.74,1.3,877,868,540,493,890,89,419,114,535,348,41,161,603
799,Product_799,Clothing,349.84,1.3,434,536,382,313,691,333,743,219,310,270,11,868,316
800,Product_800,Health,461.64,1,837,111,18,605,252,198,240,955,536,482,832,851,397
801,Product_801,Sports,355.08,4.8,926,410,682,374,125,160,354,30,902,110,745,60,323
802,Product_802,Clothing,80.51,4,376,946,449,638,176,537,848,522,638,868,840,124,564
803,Product_803,Electronics,290.26,2.4,344,205,73,936,36,120,1000,342,233,886,642,455,595
804,Product_804,Toys,305.32,2.2,443,184,572,24,409,300,769,376,208,75,114,70,545
805,Product_805,Electronics,214.94,2.4,579,381,938,333,610,723,760,129,604,157,217,837,75
806,Product_806,Sports,369.54,4.1,75,495,664,354,609,574,588,999,93,531,648,906,864
807,Product_807,Toys,467.51,3.6,557,378,275,115,126,962,179,616,326,932,105,875,919
808,Product_808,Electronics,463.16,1.7,772,46,47,47,482,435,65,538,224,642,690,465,915
809,Product_809,Toys,228.17,1.7,666,885,210,737,167,67,819,738,966,328,527,242,708
810,Product_810,Books,61.05,1.4,155,739,854,777,591,764,347,1,889,121,471,489,485
811,Product_811,Health,492.5,3.6,430,550,919,98,293,921,170,870,791,40,753,760,797
812,Product_812,Clothing,420.25,4.1,363,527,650,458,844,458,473,100,10,166,845,220,87
813,Product_813,Toys,66.71,2.1,448,503,621,522,637,513,533,532,328,921,892,472,746
814,Product_814,Books,460.82,1.1,987,21,993,596,342,397,366,57,11,641,386,958,231
815,Product_815,Health,435.6,1.3,234,212,694,404,309,619,106,388,34,22,225,532,6
816,Product_816,Health,261.82,4.9,563,309,539,213,661,285,438,691,446,278,480,493,803
817,Product_817,Home & Kitchen,297.68,2.2,818,660,708,684,527,560,834,940,451,762,753,898,549
818,Product_818,Electronics,202.51,4.1,262,967,190,902,539,139,226,340,739,468,407,81,975
819,Product_819,Home & Kitchen,32.11,3.5,827,752,314,502,418,729,443,860,219,399,456,855,51
820,Product_820,Sports,170.92,2.5,125,271,900,720,443,555,441,19,440,8,652,878,654
821,Product_821,Books,402.41,1.8,911,570,562,447,684,928,395,254,652,12,897,997,941
822,Product_822,Home & Kitchen,7.29,1.5,245,798,660,893,557,780,727,316,534,923,710,521,918
823,Product_823,Home & Kitchen,170.08,3.5,542,937,779,575,839,589,580,37,594,922,623,922,395
824,Product_824,Health,202.09,4.1,938,201,561,257,235,727,83,659,228,818,638,11,220
825,Product_825,Books,271.01,3.6,485,31,899,843,438,893,614,536,934,831,20,262,427
826,Product_826,Health,460.33,3.1,122,442,757,120,213,609,550,385,343,51,658,656,751
827,Product_827,Clothing,176.44,1.2,125,161,112,809,84,747,12,632,79,208,600,448,142
828,Product_828,Toys,176.74,4.9,549,766,169,977,793,281,808,927,352,549,814,191,860
829,Product_829,Sports,370.06,4.2,170,253,467,53,743,660,824,25,395,611,917,761,362
830,Product_830,Sports,228.85,2.2,124,520,677,330,84,923,692,453,289,704,202,113,381
831,Product_831,Electronics,116.18,4.9,869,976,920,783,920,815,492,680,454,401,416,25,560
832,Product_832,Health,228.96,3.4,35,650,13,240,488,995,267,322,842,190,415,782,276
833,Product_833,Toys,74.72,3.3,87,479,714,754,64,935,524,736,670,50,447,498,270
834,Product_834,Electronics,92.31,4,646,9,287,529,645,577,119,512,988,392,511,507,13
835,Product_835,Sports,251.69,4.2,708,725,906,482,662,745,969,818,127,652,84,544,297
836,Product_836,Toys,212.37,3.6,786,504,188,186,626,456,352,772,701,679,166,61,463
837,Product_837,Home & Kitchen,457.85,1.5,201,784,913,857,63,86,56,12,908,822,383,228,526
838,Product_838,Clothing,184.38,2.4,369,835,154,655,342,78,39,914,542,620,467,814,233
839,Product_839,Home & Kitchen,292.39,4.7,797,559,566,261,938,204,885,907,897,718,71,606,574
840,Product_840,Clothing,317.97,1.9,77,435,693,952,874,790,335,559,358,938,809,34,707
841,Product_841,Health,11.48,2.5,59,110,721,363,918,336,639,920,526,299,996,704,26
842,Product_842,Books,333.45,2.7,431,152,887,490,351,253,172,824,312,621,520,455,470
843,Product_843,Electronics,93.13,2.8,638,634,470,430,157,303,546,370,74,195,792,587,92
844,Product_844,Electronics,480.73,3.5,500,916,74,238,588,379,258,290,545,416,472,890,616
845,Product_845,Books,78.59,4.8,913,868,276,303,490,129,887,331,870,663,992,501,308
846,Product_846,Toys,210.24,2,109,101,939,297,657,595,516,605,195,419,257,760,51
847,Product_847,Books,47.25,1.5,736,752,644,75,854,275,729,260,842,754,274,594,318
848,Product_848,Health,498.45,1.8,278,832,342,699,462,698,522,993,28,639,749,24,968
849,Product_849,Sports,253.59,4.5,68,190,424,332,224,557,893,789,705,616,19,568,180
850,Product_850,Books,299.72,3.6,69,728,570,899,916,898,838,870,15,521,489,31,568
851,Product_851,Clothing,38.2,2.1,165,562,510,998,312,182,116,204,422,355,744,830,119
852,Product_852,Sports,376.23,4.3,489,803,856,757,614,267,183,696,588,147,489,11,819
853,Product_853,Books,108.9,4.4,305,80,1000,641,918,807,905,686,804,1000,732,318,874
854,Product_854,Electronics,449.54,4.4,909,488,181,473,858,321,873,949,592,364,325,844,42
855,Product_855,Home & Kitchen,106.54,4.7,674,894,457,826,812,511,115,386,404,363,528,603,646
856,Product_856,Clothing,99.39,2,365,87,917,922,939,611,161,891,939,970,891,0,884
857,Product_857,Health,23.09,4,854,193,850,282,465,77,578,820,635,651,88,434,937
858,Product_858,Clothing,238.67,2.8,821,103,832,590,87,783,711,467,530,701,485,837,259
859,Product_859,Toys,284.6,4.4,379,782,63,71,882,338,542,414,966,401,707,135,196
860,Product_860,Home & Kitchen,37.53,3.9,343,95,838,262,302,673,586,68,613,605,349,195,644
861,Product_861,Clothing,388.89,4.1,947,422,259,702,679,555,236,471,903,491,83,132,970
862,Product_862,Books,229.38,3.6,899,890,192,878,434,508,838,103,76,228,386,984,254
863,Product_863,Clothing,264.57,1.7,554,197,654,886,681,237,65,757,228,574,86,85,1000
864,Product_864,Clothing,223.18,3.2,354,0,615,941,134,133,69,160,961,851,306,475,731
865,Product_865,Clothing,203.38,4.9,416,406,971,574,49,972,808,199,296,536,849,806,335
866,Product_866,Toys,282.02,4.7,109,377,405,999,431,191,446,215,509,267,153,790,552
867,Product_867,Clothing,81.84,1.2,563,166,725,891,339,355,415,945,714,404,439,323,501
868,Product_868,Clothing,95.05,1.7,762,508,753,11,346,277,531,211,983,792,739,179,989
869,Product_869,Toys,431.58,1.5,497,637,942,140,645,17,440,507,965,10,959,515,899
870,Product_870,Sports,473.33,3.9,341,312,720,765,346,523,737,15,572,319,263,637,254
871,Product_871,Home & Kitchen,189.79,4.3,942,592,92,554,648,179,945,497,537,712,976,174,513
872,Product_872,Health,139.02,1.9,383,417,429,16,244,122,463,883,582,125,734,762,706
873,Product_873,Sports,323.78,3,533,762,653,62,108,245,920,331,614,305,420,20,241
874,Product_874,Electronics,207.32,4.4,300,680,433,252,824,733,395,716,978,701,492,996,148
875,Product_875,Toys,17.57,3.9,139,476,403,464,798,372,710,876,325,510,632,951,709
876,Product_876,Toys,82.3,3.2,359,72,433,375,532,50,550,550,362,88,992,104,298
877,Product_877,Clothing,359.41,3.4,836,140,111,803,89,999,656,600,668,354,410,577,756
878,Product_878,Clothing,331.17,3,499,581,928,980,295,70,556,941,874,627,172,442,849
879,Product_879,Health,18.41,2.2,385,261,374,519,111,479,394,255,358,351,3,774,619
880,Product_880,Electronics,114.88,3.3,604,339,58,836,812,559,325,991,705,688,853,48,452
881,Product_881,Clothing,119.38,3.8,959,307,42,89,588,18,892,765,786,13,639,527,392
882,Product_882,Books,337.59,4.5,280,244,206,719,176,773,918,727,323,256,985,144,211
883,Product_883,Clothing,14.76,3.5,637,514,779,803,342,83,90,879,697,208,991,339,667
884,Product_884,Clothing,56.53,4,483,336,295,795,659,154,749,814,325,280,471,761,537
885,Product_885,Books,400.96,1.6,909,574,117,629,100,564,69,171,624,442,109,854,593
886,Product_886,Electronics,93.38,2.8,111,560,531,860,757,618,165,648,824,839,866,353,594
887,Product_887,Books,328.11,1,866,75,221,174,628,356,641,999,164,836,36,74,130
888,Product_888,Toys,122.9,2,139,879,165,75,603,815,213,497,572,388,991,801,328
889,Product_889,Books,54.22,3.9,996,174,642,612,400,646,851,470,603,616,582,928,611
890,Product_890,Home & Kitchen,125.37,5,435,108,155,925,27,442,600,383,797,482,800,793,255
891,Product_891,Toys,362.52,1.4,509,182,183,662,936,68,334,689,454,146,30,577,478
892,Product_892,Clothing,428.57,2.6,273,191,89,399,961,522,763,588,968,278,950,636,560
893,Product_893,Health,415.96,4.2,99,64,93,781,536,142,368,699,152,520,380,318,912
894,Product_894,Toys,201.61,1.8,764,848,12,969,57,191,860,506,736,629,267,86,62
895,Product_895,Electronics,335.7,3.2,850,962,972,70,497,386,583,991,126,605,10,552,310
896,Product_896,Electronics,106.47,3.9,104,473,833,179,296,377,676,526,192,433,343,981,406
897,Product_897,Books,150.11,3.5,214,782,804,123,133,580,48,803,626,143,839,697,801
898,Product_898,Toys,448.69,1.8,761,99,944,380,330,534,51,830,773,288,543,865,104
899,Product_899,Clothing,11.44,2.4,664,543,741,292,248,692,288,324,529,385,568,891,616
900,Product_900,Electronics,47.33,4.1,762,863,833,796,549,292,789,213,9,13,165,846,836
901,Product_901,Sports,107.9,3.2,787,127,803,194,901,8,625,207,91,256,699,777,14
902,Product_902,Clothing,18.13,1,165,451,437,910,940,270,238,168,138,345,341,782,686
903,Product_903,Sports,94.81,4,999,913,537,227,74,386,132,329,480,697,481,41,258
904,Product_904,Home & Kitchen,293.61,1.1,853,368,586,430,653,92,998,279,448,344,18,92,722
905,Product_905,Sports,213.61,4,520,850,967,941,833,965,785,977,332,399,627,696,411
906,Product_906,Electronics,446.87,1.8,284,42,875,435,167,528,165,304,868,206,979,726,258
907,Product_907,Books,409.63,4.8,517,883,935,786,770,153,373,145,339,857,183,506,613
908,Product_908,Home & Kitchen,174.2,2.5,657,418,810,460,502,404,372,774,960,942,781,528,259
909,Product_909,Toys,133.41,2.3,613,487,149,617,884,839,804,515,51,171,544,955,855
910,Product_910,Clothing,192.95,1.6,164,77,659,20,354,148,477,89,706,463,9,264,670
911,Product_911,Electronics,297.2,2.2,886,825,7,63,224,888,754,452,465,269,591,625,44
912,Product_912,Home & Kitchen,137.69,4.5,659,800,28,164,663,266,478,59,1000,220,191,291,954
913,Product_913,Home & Kitchen,313.95,5,64,269,295,26,530,421,831,310,717,151,319,968,812
914,Product_914,Electronics,207.66,2.5,91,673,985,310,145,839,649,527,798,622,701,463,762
915,Product_915,Toys,278.26,2.8,117,700,925,284,959,617,590,226,474,182,579,803,330
916,Product_916,Toys,220.88,3.9,866,758,720,659,240,471,681,473,400,398,474,559,164
917,Product_917,Books,150.76,4.5,267,899,639,280,883,892,634,977,438,850,859,818,192
918,Product_918,Health,474.48,3.4,822,727,339,837,892,546,687,540,877,71,636,96,520
919,Product_919,Sports,382.98,2.6,685,314,627,830,343,630,299,662,604,417,426,886,400
920,Product_920,Toys,74.36,2.7,559,924,438,163,748,525,81,756,931,897,847,94,373
921,Product_921,Books,434.89,3.8,140,850,143,897,34,502,86,781,996,282,58,325,64
922,Product_922,Sports,246.28,1,246,901,941,917,701,13,224,78,921,73,435,73,386
923,Product_923,Home & Kitchen,447.8,3.5,661,888,829,223,0,777,15,432,820,354,96,335,494
924,Product_924,Electronics,400.93,2.4,758,992,746,783,995,651,821,800,656,726,495,67,793
925,Product_925,Toys,215.48,4.2,395,944,518,145,152,805,357,152,597,496,786,757,692
926,Product_926,Books,16.12,1.4,487,167,975,964,428,363,162,788,508,327,660,917,414
927,Product_927,Home & Kitchen,138,3.4,476,338,44,949,944,118,609,400,152,987,277,76,793
928,Product_928,Toys,273.11,2.9,517,192,954,867,507,237,667,278,513,534,264,207,790
929,Product_929,Clothing,318.57,3.6,977,452,238,29,125,545,513,56,502,579,8,883,29
930,Product_930,Health,132.65,1.3,184,282,951,44,490,168,349,976,853,909,456,765,265
931,Product_931,Home & Kitchen,73.98,3.3,20,335,943,786,481,521,908,185,900,446,794,220,327
932,Product_932,Toys,418.29,3.2,937,389,154,470,344,633,680,397,771,372,272,261,491
933,Product_933,Home & Kitchen,492.28,3.2,558,999,180,33,911,912,463,604,675,361,939,409,216
934,Product_934,Electronics,265.22,3.4,524,524,214,652,737,656,826,787,5,92,812,330,319
935,Product_935,Electronics,89.98,3.7,582,239,87,426,220,962,836,157,499,320,7,343,917
936,Product_936,Health,139.79,4.2,529,831,255,829,914,957,374,786,660,323,207,988,398
937,Product_937,Electronics,14.1,2.1,883,957,510,885,918,734,91,692,716,383,913,770,890
938,Product_938,Sports,457.58,4.3,147,482,72,220,722,882,180,358,117,574,636,819,104
939,Product_939,Clothing,63.29,3,666,658,930,867,24,768,742,439,484,735,122,73,695
940,Product_940,Electronics,290.38,1.3,304,715,178,533,527,779,300,588,600,736,32,636,329
941,Product_941,Clothing,140.66,1.2,620,591,211,691,181,870,659,465,665,880,512,699,659
942,Product_942,Electronics,279.32,2.3,748,890,804,947,498,515,791,662,950,345,203,253,616
943,Product_943,Sports,327.45,4.1,820,554,233,366,840,937,188,445,678,848,517,958,46
944,Product_944,Home & Kitchen,415.72,3.8,864,457,464,931,640,396,858,749,467,102,808,832,598
945,Product_945,Toys,107.18,4.2,582,88,750,840,41,865,861,800,160,214,950,819,820
946,Product_946,Toys,10.44,3.1,695,659,222,742,914,105,313,742,269,191,516,746,948
947,Product_947,Electronics,72.76,2.8,762,94,630,914,480,84,492,487,55,671,442,985,640
948,Product_948,Toys,450.51,1.6,228,451,824,549,929,213,922,529,227,883,591,761,769
949,Product_949,Electronics,437.58,2.3,102,427,263,581,847,120,921,72,848,718,785,331,313
950,Product_950,Electronics,300.72,2.7,587,150,206,115,747,131,127,928,148,780,688,397,146
951,Product_951,Health,302.26,1.4,417,513,606,238,871,849,518,927,45,193,849,344,957
952,Product_952,Books,334.19,1.9,958,375,884,334,438,196,425,700,143,379,832,583,461
953,Product_953,Books,91.81,3.4,216,21,733,440,401,18,558,949,749,402,338,746,583
954,Product_954,Health,457.63,3.9,407,882,365,147,545,641,564,16,783,663,437,835,485
955,Product_955,Books,212.29,5,399,312,275,8,344,11,186,530,631,748,444,667,651
956,Product_956,Clothing,194.65,4.7,923,996,379,287,892,80,549,730,339,599,135,454,409
957,Product_957,Books,261.86,3.6,715,839,742,387,44,329,452,325,412,10,386,905,26
958,Product_958,Electronics,28.25,2.7,704,518,308,49,645,865,470,994,731,186,24,114,28
959,Product_959,Sports,87.31,3.5,761,205,630,849,20,773,987,631,519,725,505,312,270
960,Product_960,Sports,370.33,4.1,499,951,267,516,633,391,737,612,343,14,324,227,685
961,Product_961,Home & Kitchen,45.99,1.5,754,374,944,915,69,636,564,545,386,777,694,833,500
962,Product_962,Books,303.56,2.6,465,450,784,854,863,306,910,595,472,296,679,857,252
963,Product_963,Sports,126.45,4.4,691,625,63,637,872,266,223,920,274,410,978,244,384
964,Product_964,Books,197.7,2.5,949,783,809,586,47,446,153,707,352,955,337,817,59
965,Product_965,Home & Kitchen,147.9,3.3,974,594,349,676,490,440,559,841,65,584,689,525,106
966,Product_966,Sports,181.06,3.4,731,178,924,277,550,894,350,201,78,51,884,527,219
967,Product_967,Electronics,360.93,1.7,82,209,914,953,286,651,146,343,597,639,94,949,440
968,Product_968,Clothing,152.08,2.4,604,499,493,835,9,840,904,852,635,27,544,426,770
969,Product_969,Health,285.37,2.3,947,463,522,988,541,1,575,522,201,576,622,41,882
970,Product_970,Health,240.64,1.1,687,839,97,299,755,519,348,858,977,16,145,464,657
971,Product_971,Health,333.52,1.1,751,123,945,801,273,761,181,399,661,350,892,621,563
972,Product_972,Books,468.73,4.3,772,992,70,588,955,650,636,217,557,427,952,277,571
973,Product_973,Sports,367.62,2.1,903,112,363,809,599,635,178,444,112,649,230,835,545
974,Product_974,Sports,111.4,3.1,365,11,569,648,755,308,38,764,90,830,783,18,95
975,Product_975,Home & Kitchen,20.44,2.2,163,125,801,617,380,739,771,221,140,228,847,65,988
976,Product_976,Electronics,134.82,4.8,48,564,762,606,328,521,893,382,288,765,494,166,88
977,Product_977,Toys,299.56,2,511,330,275,134,478,468,2,880,900,988,37,584,827
978,Product_978,Sports,30.46,2.7,329,900,49,579,14,211,63,591,729,209,424,402,921
979,Product_979,Clothing,250.7,4.5,840,282,357,146,515,111,28,6,588,430,646,911,230
980,Product_980,Home & Kitchen,300.44,4.4,116,139,727,489,190,7,371,271,410,293,845,821,967
981,Product_981,Sports,170.45,1.7,941,400,905,477,167,803,522,738,376,742,746,408,274
982,Product_982,Sports,386.6,4.2,849,901,927,158,520,476,96,15,383,752,436,111,245
983,Product_983,Home & Kitchen,57.77,2.8,337,96,563,383,620,873,869,423,845,581,830,273,110
984,Product_984,Home & Kitchen,42.19,2.9,881,516,782,162,136,459,441,523,151,103,367,406,233
985,Product_985,Books,365.45,1.5,737,568,484,440,153,252,202,802,834,203,344,372,277
986,Product_986,Sports,250.27,1.3,864,923,83,852,387,525,410,752,750,52,159,596,476
987,Product_987,Toys,345.76,3.9,840,845,898,188,208,751,992,20,626,973,549,650,416
988,Product_988,Clothing,220.24,3,147,68,804,414,271,437,20,689,318,939,661,38,677
989,Product_989,Electronics,126.97,2.7,575,117,637,338,142,753,550,938,368,374,911,104,127
990,Product_990,Electronics,410.46,3.9,806,887,807,606,610,980,734,227,605,841,819,323,236
991,Product_991,Toys,400.71,4.1,323,58,583,180,888,853,101,784,994,53,540,792,802
992,Product_992,Home & Kitchen,348.87,1.6,443,32,295,287,819,660,45,287,559,275,143,958,618
993,Product_993,Home & Kitchen,139.71,3.4,837,317,235,833,68,235,65,808,702,334,587,991,127
994,Product_994,Home & Kitchen,297.16,1.5,13,49,55,186,246,305,602,133,461,30,656,413,706
995,Product_995,Sports,183.68,4,943,879,918,883,260,477,163,983,11,134,740,428,850
996,Product_996,Home & Kitchen,50.33,3.6,494,488,359,137,787,678,970,282,155,57,575,634,393
997,Product_997,Home & Kitchen,459.07,4.8,701,18,906,129,78,19,110,403,683,104,858,729,474
998,Product_998,Sports,72.73,1.3,287,725,109,193,657,215,337,664,476,265,344,888,654
999,Product_999,Sports,475.37,1.2,720,196,191,315,622,854,122,65,938,521,268,60,394
1000,Product_1000,Toys,225.77,2.1,114,890,903,983,769,134,704,648,400,495,839,611,110
