developer,provider_count,mktShare,est_mips_2018,edition2015_base_status,provider_type_,provider_type_eligible clinician,provider_type_eligible hospital,market_impact_index
1,0.0332409972299169,0.012072434607645862,79,16,False,True,False,15.820242228997254
2,0.0221606648199446,0.008048289738430598,34,16,False,True,False,6.813494819331503
11,1.0,1.0,14,15,False,True,False,3.6000000000000005
12,0.06278855032317636,0.022803487592220006,133,16,False,True,False,26.638235321439257
3,0.0,0.0,18,16,False,True,False,3.6
13,0.5429362880886427,0.19718309859154917,92,1,False,True,False,18.73062307362179
4,1.0,1.0,3,14,False,True,False,1.4000000000000001
14,1.0,1.0,339,14,False,True,False,68.6
15,0.07756232686980609,0.028169014084507057,115,15,False,True,False,23.047231867660255
16,0.25484764542936283,0.09255533199195183,143,15,False,True,False,28.755190422312268
17,1.0,0.5311871227364187,219,16,False,True,False,44.45935613682093
5,0.0443213296398892,0.01609657947686117,310,16,False,True,False,62.026989638663004
18,1.0,0.898725687458084,261,15,False,True,False,52.96961770623743
19,0.0,0.0,1,16,False,True,False,0.2
20,0.5650969529085873,0.20523138832998017,74,16,False,True,False,15.144117892953288
21,1.0,0.924211938296446,212,15,False,True,False,43.17726358148894
22,0.018467220683287166,0.006706908115358811,37,16,False,True,False,7.411245682776252
23,0.09233610341643582,0.0335345405767941,231,14,False,True,False,46.25622841388126
6,0.007386888273314867,0.0026827632461435295,91,16,False,True,False,18.2044982731105
24,0.2954755309325946,0.10731052984574105,104,16,False,True,False,20.97993092442002
7,0.003693444136657433,0.0013413816230717671,163,16,False,True,False,32.60224913655525
26,0.5392428439519853,0.19584171696847733,230,16,False,True,False,46.32837393706654
25,1.0,1.0,245,15,False,True,False,49.8
27,1.0,1.0,149,15,False,True,False,30.6
28,0.09972299168975068,0.03621730382293763,124,16,False,True,False,24.860726686991757
29,0.26592797783933514,0.09657947686116686,123,16,False,True,False,24.76193783197802
30,0.007386888273314867,0.0026827632461435295,1,16,False,True,False,0.2044982731105005
31,0.3619575253924284,0.13145539906103265,179,16,False,True,False,36.02041538241453
32,0.0,0.0,18,16,False,True,False,3.6
33,0.014773776546629733,0.005365526492287073,49,16,False,True,False,9.808996546221001
34,0.0,0.0,1,16,False,True,False,0.2
37,0.05909510618651893,0.02146210596914822,20,0,False,True,False,4.0359861848840035
36,0.31024930747922436,0.1126760563380284,232,15,False,True,False,46.588927470641025
8,0.003693444136657433,0.0013413816230717671,1,16,False,True,False,0.20224913655525026
38,0.22899353647276086,0.08316566063044949,203,16,False,True,False,40.73944646642552
39,1.0,1.0,222,15,False,True,False,45.2
40,0.09233610341643582,0.0335345405767941,122,16,False,True,False,24.45622841388126
41,0.1883656509695291,0.06841046277665978,197,15,False,True,False,39.51470596431777
42,0.014773776546629733,0.005365526492287073,322,16,False,True,False,64.408996546221
43,0.09602954755309324,0.03487592219986584,1,16,False,True,False,0.2584775504365064
9,0.0332409972299169,0.012072434607645862,221,16,False,True,False,44.22024222899726
44,0.0,0.0,1,16,False,True,False,0.2
10,0.003693444136657433,0.0013413816230717671,163,16,False,True,False,32.60224913655525
653,1.0,1.0,154,15,False,True,False,31.6
45,0.007386888273314867,0.0026827632461435295,1,16,False,True,False,0.2044982731105005
46,0.22899353647276086,0.08316566063044949,57,16,False,True,False,11.539446466425515
47,0.003693444136657433,0.0013413816230717671,1,16,False,True,False,0.20224913655525026
48,0.0221606648199446,0.008048289738430598,337,16,False,True,False,67.4134948193315
49,0.003693444136657433,0.0013413816230717671,1,16,False,True,False,0.20224913655525026
50,0.22899353647276086,0.08316566063044949,334,16,False,True,False,66.93944646642551
51,0.10710987996306555,0.038900067069081154,55,16,False,True,False,11.065224960102258
52,0.13665743305632502,0.04963112005365507,207,15,False,True,False,41.48321805254427
54,0.1329639889196676,0.0482897384305837,1,16,False,True,False,0.2809689159890089
55,0.6426592797783933,0.23340040241448676,241,4,False,True,False,48.59134976061355
56,0.018467220683287166,0.006706908115358811,1,15,False,True,False,0.21124568277625125
57,1.0,0.8531187122736397,56,16,False,True,False,11.955935613682094
58,0.0,0.0,18,16,False,True,False,3.6
59,1.0,0.7632461435278354,175,15,False,True,False,35.72897384305835
53,0.9159741458910434,0.3326626425217977,187,16,False,True,False,37.95778586570206
60,0.0,0.0,1,16,False,True,False,0.2
61,0.14773776546629733,0.053655264922870566,156,16,False,True,False,31.289965462210013
62,0.07017543859649122,0.02548625083836353,1,16,False,True,False,0.24273359454975468
63,0.0110803324099723,0.004024144869215287,18,16,False,True,False,3.606747409665751
64,0.02585410895660203,0.009389671361502337,233,3,False,True,False,46.61574395588676
65,0.0,0.0,18,16,False,True,False,3.6
66,0.384118190212373,0.13950368879946365,293,16,False,True,False,58.83391020174603
71,0.10341643582640811,0.03755868544600942,103,16,False,True,False,20.662975823547008
72,0.12557710064635272,0.04560697518443999,170,15,False,True,False,34.07647064287851
75,0.6094182825484765,0.2213279678068412,216,14,False,True,False,43.57110753161629
76,0.09602954755309324,0.03487592219986584,1,5,False,True,False,0.2584775504365064
78,0.07756232686980609,0.028169014084507057,327,16,False,True,False,65.44723186766026
79,0.0443213296398892,0.01609657947686117,146,16,False,True,False,29.226989638663007
67,0.1809787626962142,0.06572769953051659,303,16,False,True,False,60.710207691207266
81,0.25484764542936283,0.09255533199195183,221,16,False,True,False,44.35519042231227
82,0.014773776546629733,0.005365526492287073,18,16,False,True,False,3.608996546221001
83,1.0,1.0,100,15,False,True,False,20.8
84,1.0,0.9188464118041567,234,12,False,True,False,47.57565392354125
85,0.4025854108956602,0.14621059691482233,221,16,False,True,False,44.44515588452228
86,0.06278855032317636,0.022803487592220006,161,16,False,True,False,32.238235321439255
87,0.1440443213296399,0.05231388329979873,204,16,False,True,False,40.887716325654765
88,1.0,0.8893360160965801,69,1,False,True,False,14.566800804828976
89,0.018467220683287166,0.006706908115358811,91,16,False,True,False,18.21124568277625
90,0.11449676823638041,0.04158283031522468,323,15,False,True,False,64.66972323321276
91,0.39889196675900274,0.1448692152917505,5,16,False,True,False,1.2429067479670266
92,0.014773776546629733,0.005365526492287073,49,16,False,True,False,9.808996546221001
93,0.0,0.0,1,16,False,True,False,0.2
94,0.0,0.0,18,16,False,True,False,3.6
95,0.0110803324099723,0.004024144869215287,301,14,False,True,False,60.20674740966575
97,0.003693444136657433,0.0013413816230717671,1,16,False,True,False,0.20224913655525026
98,0.26223453370267774,0.09523809523809504,46,16,False,True,False,9.359688695422768
99,0.029547553093259467,0.010731052984574123,52,16,False,True,False,10.417993092442002
100,0.05909510618651893,0.02146210596914822,116,16,False,True,False,23.235986184884005
101,0.3619575253924284,0.13145539906103265,35,16,False,True,False,7.220415382414524
102,0.018467220683287166,0.006706908115358811,37,15,False,True,False,7.411245682776252
103,1.0,0.6210596914822277,132,1,False,True,False,27.08631790744467
104,1.0,1.0,80,15,False,True,False,16.8
105,0.45798707294552166,0.1663313212608989,253,15,False,True,False,50.87889293285103
106,0.0,0.0,1,16,False,True,False,0.2
107,0.9787626962142197,0.35546613011401745,287,16,False,True,False,57.996021187141324
109,0.018467220683287166,0.006706908115358811,1,0,False,True,False,0.21124568277625125
110,0.0443213296398892,0.01609657947686117,310,16,False,True,False,62.026989638663004
70,1.0,0.4010731052984574,50,14,False,True,False,10.620321931589537
111,0.003693444136657433,0.0013413816230717671,163,15,False,True,False,32.60224913655525
112,0.7682363804247461,0.2790073775989268,263,16,False,True,False,53.06782040349205
113,1.0,0.46948356807511765,202,15,False,True,False,41.04084507042254
114,0.08864265927977838,0.032193158953722316,174,15,False,True,False,34.85397927732601
115,0.0221606648199446,0.008048289738430598,337,16,False,True,False,67.4134948193315
116,0.0,0.0,1,15,False,True,False,0.2
117,0.0332409972299169,0.012072434607645862,221,16,False,True,False,44.22024222899726
118,0.1329639889196676,0.0482897384305837,36,16,False,True,False,7.280968915989009
119,0.14035087719298245,0.0509725016767269,318,16,False,True,False,63.68546718909951
124,0.0332409972299169,0.012072434607645862,113,1,False,True,False,22.620242228997252
125,0.12188365650969528,0.0442655935613682,297,15,False,True,False,59.47422150632326
126,0.007386888273314867,0.0026827632461435295,18,16,False,True,False,3.6044982731105004
127,0.2696214219759926,0.0979208584842387,302,1,False,True,False,60.56418696853327
128,0.018467220683287166,0.006706908115358811,18,16,False,True,False,3.6112456827762514
120,0.003693444136657433,0.0013413816230717671,1,16,False,True,False,0.20224913655525026
130,0.0110803324099723,0.004024144869215287,18,16,False,True,False,3.606747409665751
131,0.003693444136657433,0.0013413816230717671,163,16,False,True,False,32.60224913655525
132,0.07017543859649122,0.02548625083836353,345,16,False,True,False,69.04273359454976
133,0.13665743305632502,0.04963112005365507,304,16,False,True,False,60.883218052544265
134,0.3176361957525392,0.11535881958417157,317,15,False,True,False,63.593425743751524
135,0.0,0.0,1,16,False,True,False,0.2
136,0.37303785780240073,0.13547954393024814,236,16,False,True,False,47.427162792080274
137,1.0,0.5311871227364187,134,16,False,True,False,27.459356136820926
139,0.055401662049861494,0.020120724346076483,1,16,False,True,False,0.2337370483287537
121,0.08125577100646351,0.029510395707578796,66,16,False,True,False,13.249481004215507
140,0.3287165281625115,0.11938296445338709,296,15,False,True,False,59.40017315341728
654,0.014773776546629733,0.005365526492287073,322,16,False,True,False,64.408996546221
141,0.06278855032317636,0.022803487592220006,260,16,False,True,False,52.03823532143925
142,0.018467220683287166,0.006706908115358811,163,16,False,True,False,32.61124568277625
144,0.24376731301939059,0.08853118712273633,332,14,False,True,False,66.54844301264652
143,0.19205909510618652,0.06975184439973162,255,16,False,True,False,51.116955100873014
145,1.0,0.3876592890677396,24,16,False,True,False,5.416297786720323
146,0.003693444136657433,0.0013413816230717671,1,16,False,True,False,0.20224913655525026
122,0.2253000923361034,0.08182427900737764,286,15,False,True,False,57.33719732987027
123,1.0,1.0,62,16,False,True,False,13.200000000000001
655,1.0,0.41851106639839036,128,15,False,True,False,26.22555331991952
147,1.0,1.0,137,3,False,True,False,28.200000000000003
148,0.029547553093259467,0.010731052984574123,133,16,False,True,False,26.617993092442003
151,0.39889196675900274,0.1448692152917505,58,7,False,True,False,11.842906747967028
153,0.0221606648199446,0.008048289738430598,1,15,False,True,False,0.2134948193315015
154,1.0,0.6277665995975868,47,14,False,True,False,10.088329979879276
152,0.0,0.0,1,15,False,True,False,0.2
155,0.25115420129270544,0.09121395036888,107,16,False,True,False,21.55294128575702
168,0.07017543859649122,0.02548625083836353,163,16,False,True,False,32.64273359454975
156,0.018467220683287166,0.006706908115358811,18,16,False,True,False,3.6112456827762514
656,0.06278855032317636,0.022803487592220006,106,16,False,True,False,21.23823532143926
657,1.0,1.0,185,15,False,True,False,37.8
170,0.42105263157894735,0.15291750503018103,316,15,False,True,False,63.45640156729853
658,0.08125577100646351,0.029510395707578796,298,16,False,True,False,59.64948100421551
158,0.0221606648199446,0.008048289738430598,289,16,False,True,False,57.8134948193315
659,0.0,0.0,1,16,False,True,False,0.2
660,0.0,0.0,18,16,False,True,False,3.6
160,0.014773776546629733,0.005365526492287073,113,16,False,True,False,22.608996546221004
171,0.5170821791320407,0.1877934272300468,178,15,False,True,False,35.91487911773503
172,1.0,1.0,206,14,False,True,False,42.0
173,0.09602954755309324,0.03487592219986584,101,16,False,True,False,20.25847755043651
661,1.0,1.0,189,13,False,True,False,38.6
662,0.003693444136657433,0.0013413816230717671,18,6,False,True,False,3.6022491365552503
664,0.0443213296398892,0.01609657947686117,105,16,False,True,False,21.026989638663004
163,0.32502308402585406,0.11804158283031524,238,16,False,True,False,47.79792401686203
663,0.15512465373961218,0.05633802816901423,307,15,False,True,False,61.494463735320515
174,0.10341643582640811,0.03755868544600942,30,16,False,True,False,6.062975823547007
175,0.007386888273314867,0.0026827632461435295,1,15,False,True,False,0.2044982731105005
176,0.05909510618651893,0.02146210596914822,72,16,False,True,False,14.435986184884005
161,1.0,1.0,68,16,False,True,False,14.400000000000002
162,0.18467220683287167,0.06706908115358842,64,16,False,True,False,12.912456827762513
177,0.7867036011080333,0.2857142857142859,193,16,False,True,False,39.079066086268305
178,0.029547553093259467,0.010731052984574123,196,16,False,True,False,39.21799309244201
179,0.7608494921514312,0.27632461435278355,273,16,False,True,False,55.06332213038155
181,0.0,0.0,1,16,False,True,False,0.2
183,1.0,1.0,88,15,False,True,False,18.400000000000002
184,0.0,0.0,1,16,False,True,False,0.2
185,0.040627885503231764,0.014755197853789386,260,15,False,True,False,52.024740502107754
186,0.0,0.0,1,0,False,True,False,0.2
665,1.0,0.6639839034205226,309,14,False,True,False,62.49919517102616
666,0.23268698060941828,0.0845070422535213,306,16,False,True,False,61.34169560298077
187,0.0,0.0,1,16,False,True,False,0.2
188,0.0,0.0,1,16,False,True,False,0.2
189,0.05909510618651893,0.02146210596914822,116,16,False,True,False,23.235986184884005
190,0.14035087719298245,0.0509725016767269,160,16,False,True,False,32.08546718909951
191,1.0,0.570087189805499,308,15,False,True,False,62.27102615694165
192,1.0,1.0,269,11,False,True,False,54.6
195,1.0,1.0,22,15,False,True,False,5.2
193,0.31394275161588175,0.11401743796109975,307,16,False,True,False,61.591176607196275
194,1.0,1.0,248,16,False,True,False,50.4
165,0.0443213296398892,0.01609657947686117,105,16,False,True,False,21.026989638663004
166,1.0,0.4144869215291753,10,16,False,True,False,2.6243460764587527
167,0.0443213296398892,0.01609657947686117,277,16,False,True,False,55.42698963866301
667,0.05170821791320406,0.018779342723004695,221,15,False,True,False,44.231487911773506
199,1.0,1.0,109,0,False,True,False,22.6
200,1.0,0.6948356807511737,326,15,False,True,False,65.90845070422536
201,0.0443213296398892,0.01609657947686117,1,14,False,True,False,0.22698963866300295
197,1.0,0.7981220657277012,259,1,False,True,False,52.539436619718316
202,1.0,1.0,38,15,False,True,False,8.4
203,0.029547553093259467,0.010731052984574123,18,16,False,True,False,3.617993092442002
204,1.0,1.0,330,14,False,True,False,66.8
205,0.09602954755309324,0.03487592219986584,283,16,False,True,False,56.65847755043651
207,1.0,0.4359490274983232,75,16,False,True,False,15.630784708249497
198,0.5170821791320407,0.1877934272300468,340,16,False,True,False,68.31487911773503
209,1.0,1.0,342,14,False,True,False,69.2
211,0.007386888273314867,0.0026827632461435295,91,16,False,True,False,18.2044982731105
212,0.014773776546629733,0.005365526492287073,1,16,False,True,False,0.208996546221001
213,0.5060018467220684,0.18376928236083176,273,14,False,True,False,54.908131708069284
214,0.4764542936288088,0.17303822937625757,277,15,False,True,False,55.69013861562729
215,0.0,0.0,1,16,False,True,False,0.2
216,0.014773776546629733,0.005365526492287073,322,12,False,True,False,64.408996546221
217,1.0,0.5861837692823619,209,3,False,True,False,42.475855130784716
218,0.7940904893813481,0.2883970489604291,265,15,False,True,False,53.4835643593788
668,1.0,1.0,315,15,False,True,False,63.8
219,0.0110803324099723,0.004024144869215287,63,16,False,True,False,12.606747409665752
220,1.0,1.0,208,15,False,True,False,42.4
221,0.11819021237303785,0.042924211938296465,153,16,False,True,False,30.67197236976801
227,1.0,1.0,157,15,False,True,False,32.2
228,0.003693444136657433,0.0013413816230717671,1,16,False,True,False,0.20224913655525026
229,1.0,0.5258215962441294,4,16,False,True,False,1.4577464788732388
222,0.2253000923361034,0.08182427900737764,344,1,False,True,False,68.93719732987026
223,1.0,1.0,150,1,False,True,False,30.8
230,0.05170821791320406,0.018779342723004695,147,16,False,True,False,29.431487911773505
231,0.07756232686980609,0.028169014084507057,311,16,False,True,False,62.24723186766026
232,0.06648199445983378,0.024144869215291746,15,15,False,True,False,3.0404844579945043
233,0.09602954755309324,0.03487592219986584,348,16,False,True,False,69.65847755043652
235,0.0,0.0,1,16,False,True,False,0.2
236,0.09602954755309324,0.03487592219986584,348,4,False,True,False,69.65847755043652
237,0.0,0.0,18,16,False,True,False,3.6
243,0.5577100646352724,0.2025486250838365,251,1,False,True,False,50.53961961984279
238,1.0,1.0,223,5,False,True,False,45.4
239,1.0,1.0,25,15,False,True,False,5.8
241,0.0110803324099723,0.004024144869215287,301,16,False,True,False,60.20674740966575
242,0.18467220683287167,0.06706908115358842,20,15,False,True,False,4.112456827762513
225,0.0,0.0,18,16,False,True,False,3.6
247,0.09972299168975068,0.03621730382293763,346,16,False,True,False,69.26072668699176
245,0.08125577100646351,0.029510395707578796,111,16,False,True,False,22.249481004215507
246,0.0,0.0,1,16,False,True,False,0.2
248,0.0,0.0,18,16,False,True,False,3.6
249,0.10710987996306555,0.038900067069081154,126,16,False,True,False,25.26522496010226
250,1.0,0.5647216633132145,210,15,False,True,False,42.66941649899397
251,0.07386888273314865,0.02682763246143527,260,16,False,True,False,52.044982731105
226,0.029547553093259467,0.010731052984574123,196,16,False,True,False,39.21799309244201
253,0.06278855032317636,0.022803487592220006,37,16,False,True,False,7.4382353214392545
254,0.15512465373961218,0.05633802816901423,347,16,False,True,False,69.49446373532052
256,0.003693444136657433,0.0013413816230717671,163,16,False,True,False,32.60224913655525
257,0.6832871652816251,0.24815560026827646,286,16,False,True,False,57.6160902627213
669,0.15512465373961218,0.05633802816901423,220,16,False,True,False,44.09446373532051
266,1.0,1.0,86,3,False,True,False,18.0
267,0.003693444136657433,0.0013413816230717671,1,16,False,True,False,0.20224913655525026
258,0.14035087719298245,0.0509725016767269,200,0,False,True,False,40.08546718909951
259,0.22899353647276086,0.08316566063044949,133,16,False,True,False,26.739446466425516
670,0.007386888273314867,0.0026827632461435295,260,16,False,True,False,52.0044982731105
260,1.0,0.9899396378269629,256,0,False,True,False,51.99698189134809
677,0.48014773776546626,0.17437961099932942,228,15,False,True,False,45.892387752182536
268,0.007386888273314867,0.0026827632461435295,91,16,False,True,False,18.2044982731105
269,0.8125577100646353,0.2951039570757883,268,16,False,True,False,54.09481004215505
671,0.24007386888273316,0.08718980549966451,16,16,False,True,False,3.346193876091266
672,0.4506001846722068,0.16364855801475522,300,11,False,True,False,60.27439465974053
673,1.0,0.43192488262910816,250,14,False,True,False,50.62957746478873
272,1.0,0.5258215962441294,6,1,False,True,False,1.857746478873239
274,0.0221606648199446,0.008048289738430598,289,16,False,True,False,57.8134948193315
275,0.33610341643582636,0.12206572769953075,329,16,False,True,False,66.00467142652776
276,0.1809787626962142,0.06572769953051659,333,16,False,True,False,66.71020769120727
278,0.0,0.0,18,12,False,True,False,3.6
277,0.0,0.0,1,16,False,True,False,0.2
280,0.5207756232686981,0.18913480885311865,242,1,False,True,False,48.71712825429029
279,0.528162511542013,0.19181757209926228,27,16,False,True,False,5.721626527400786
281,0.06648199445983378,0.024144869215291746,121,16,False,True,False,24.24048445799451
282,0.15512465373961218,0.05633802816901423,112,16,False,True,False,22.49446373532051
283,0.11819021237303785,0.042924211938296465,260,16,False,True,False,52.071972369768005
270,0.10341643582640811,0.03755868544600942,338,16,False,True,False,67.66297582354701
285,1.0,0.3876592890677396,320,9,False,True,False,64.61629778672032
286,0.0,0.0,1,16,False,True,False,0.2
287,0.003693444136657433,0.0013413816230717671,18,16,False,True,False,3.6022491365552503
288,0.9566020313942751,0.34741784037558693,148,15,False,True,False,30.182526367809814
289,0.26223453370267774,0.09523809523809504,301,14,False,True,False,60.35968869542277
290,0.03693444136657433,0.013413816230717648,295,16,False,True,False,59.022491365552504
291,0.11080332409972297,0.04024144869215294,120,16,False,True,False,24.067474096657506
292,1.0,1.0,11,14,False,True,False,3.0
261,0.9676823638042474,0.35144198524480247,183,16,False,True,False,37.18927377747556
293,0.1772853185595568,0.06438631790744476,267,16,False,True,False,53.50795855465202
294,1.0,0.5902079141515765,271,3,False,True,False,54.877062374245476
295,0.06648199445983378,0.024144869215291746,84,5,False,True,False,16.840484457994506
298,1.0,0.8893360160965801,51,16,False,True,False,10.966800804828974
299,1.0,0.3957075788061706,31,0,False,True,False,6.818712273641851
296,0.9824561403508771,0.3568075117370893,96,3,False,True,False,19.798270323696567
300,1.0,1.0,328,14,False,True,False,66.4
301,0.0,0.0,1,1,False,True,False,0.2
302,0.02585410895660203,0.009389671361502337,233,16,False,True,False,46.61574395588676
271,0.014773776546629733,0.005365526492287073,113,16,False,True,False,22.608996546221004
262,1.0,0.5244802146210595,276,7,False,True,False,55.85734406438632
263,0.4136657433056325,0.15023474178403737,48,16,False,True,False,9.851903294188029
264,0.6241920590951062,0.22669349429912808,135,16,False,True,False,27.38010407783729
674,0.5503231763619575,0.1998658618376928,159,16,False,True,False,32.13512134673229
675,0.1329639889196676,0.0482897384305837,184,15,False,True,False,36.880968915989015
265,0.003693444136657433,0.0013413816230717671,1,16,False,True,False,0.20224913655525026
303,0.0110803324099723,0.004024144869215287,163,16,False,True,False,32.60674740966575
676,0.5207756232686981,0.18913480885311865,211,16,False,True,False,42.517128254290284
304,0.055401662049861494,0.020120724346076483,18,16,False,True,False,3.633737048328754
305,0.007386888273314867,0.0026827632461435295,91,16,False,True,False,18.2044982731105
306,0.0,0.0,1,16,False,True,False,0.2
307,1.0,0.5258215962441294,59,14,False,True,False,12.45774647887324
308,0.3693444136657433,0.13413816230717632,282,16,False,True,False,56.62491365552503
309,0.35826408125577097,0.13011401743796128,294,6,False,True,False,59.01816624585928
310,0.0,0.0,1,1,False,True,False,0.2
311,0.003693444136657433,0.0013413816230717671,1,16,False,True,False,0.20224913655525026
312,0.003693444136657433,0.0013413816230717671,18,16,False,True,False,3.6022491365552503
313,0.055401662049861494,0.020120724346076483,63,16,False,True,False,12.633737048328754
316,0.33240997229916897,0.12072434607645892,95,16,False,True,False,19.20242228997252
317,0.0110803324099723,0.004024144869215287,1,16,False,True,False,0.20674740966575075
318,0.10710987996306555,0.038900067069081154,201,16,False,True,False,40.26522496010226
319,0.9270544783010157,0.33668678739101277,151,16,False,True,False,30.764533275367814
320,0.1883656509695291,0.06841046277665978,114,16,False,True,False,22.914705964317765
321,0.2917820867959372,0.10596914822266923,77,16,False,True,False,15.577681787864769
314,0.09972299168975068,0.03621730382293763,314,16,False,True,False,62.86072668699176
322,0.03693444136657433,0.013413816230717648,239,16,False,True,False,47.82249136555251
323,0.08125577100646351,0.029510395707578796,321,11,False,True,False,64.24948100421551
315,0.22899353647276086,0.08316566063044949,71,16,False,True,False,14.339446466425516
324,0.1698984302862419,0.06170355466130109,94,16,False,True,False,18.903460281541513
325,0.1440443213296399,0.05231388329979873,138,14,False,True,False,27.687716325654762
326,0.4616805170821791,0.16767270288397074,196,16,False,True,False,39.48114206940628
327,0.11449676823638041,0.04158283031522468,23,16,False,True,False,4.669723233212758
330,0.0110803324099723,0.004024144869215287,63,16,False,True,False,12.606747409665752
329,0.0221606648199446,0.008048289738430598,337,16,False,True,False,67.4134948193315
346,1.0,0.8195841716968486,155,16,False,True,False,31.745875251509055
347,0.4062788550323176,0.14755197853789417,313,16,False,True,False,62.84740502107753
348,0.0,0.0,1,16,False,True,False,0.2
349,1.0,0.4869215291750491,258,10,False,True,False,52.24607645875252
351,1.0,1.0,99,16,False,True,False,20.6
353,1.0,0.7739771965124091,61,16,False,True,False,12.932193158953723
352,0.08864265927977838,0.032193158953722316,87,16,False,True,False,17.45397927732601
354,0.0,0.0,1,16,False,True,False,0.2
355,0.029547553093259467,0.010731052984574123,260,16,False,True,False,52.017993092442005
356,1.0,1.0,19,16,False,True,False,4.6000000000000005
357,1.0,1.0,205,7,False,True,False,41.8
331,0.19205909510618652,0.06975184439973162,127,16,False,True,False,25.516955100873016
332,1.0,0.4614352783366871,292,14,False,True,False,59.03843058350101
333,0.20313942751615882,0.07377598926894711,195,15,False,True,False,39.12370251053876
334,0.007386888273314867,0.0026827632461435295,260,16,False,True,False,52.0044982731105
335,1.0,1.0,341,14,False,True,False,69.0
336,0.42105263157894735,0.15291750503018103,165,15,False,True,False,33.256401567298525
338,1.0,0.6384976525821605,288,7,False,True,False,58.29154929577465
337,0.0,0.0,18,14,False,True,False,3.6
358,0.08125577100646351,0.029510395707578796,1,16,False,True,False,0.2494810042155054
359,0.07017543859649122,0.02548625083836353,249,16,False,True,False,49.842733594549756
360,0.007386888273314867,0.0026827632461435295,1,16,False,True,False,0.2044982731105005
361,0.21052631578947367,0.07645875251509078,54,1,False,True,False,10.928200783649265
339,0.0,0.0,18,16,False,True,False,3.6
376,1.0,0.5057008718980567,279,15,False,True,False,56.451710261569424
377,0.0221606648199446,0.008048289738430598,289,16,False,True,False,57.8134948193315
378,0.055401662049861494,0.020120724346076483,130,16,False,True,False,26.033737048328753
379,0.0332409972299169,0.012072434607645862,163,16,False,True,False,32.620242228997256
363,1.0,0.41180415828303163,290,15,False,True,False,58.62354124748491
362,0.2696214219759926,0.0979208584842387,17,16,False,True,False,3.564186968533268
340,1.0,1.0,191,15,False,True,False,39.0
364,0.11819021237303785,0.042924211938296465,171,16,False,True,False,34.27197236976801
380,1.0,0.5392354124748477,192,0,False,True,False,39.06177062374246
341,0.014773776546629733,0.005365526492287073,1,14,False,True,False,0.208996546221001
381,0.247460757156048,0.08987256874580817,40,16,False,True,False,8.150692149201767
384,0.003693444136657433,0.0013413816230717671,163,16,False,True,False,32.60224913655525
385,0.6869806094182825,0.2494969818913483,274,10,False,True,False,55.21833939927655
386,1.0,1.0,85,14,False,True,False,17.8
387,0.11080332409972297,0.04024144869215294,172,8,False,True,False,34.467474096657504
388,1.0,1.0,217,2,False,True,False,44.2
389,1.0,0.8692152917505026,125,16,False,True,False,25.760764587525152
390,0.5650969529085873,0.20523138832998017,145,15,False,True,False,29.34411789295329
391,0.003693444136657433,0.0013413816230717671,1,15,False,True,False,0.20224913655525026
392,0.018467220683287166,0.006706908115358811,37,16,False,True,False,7.411245682776252
383,0.003693444136657433,0.0013413816230717671,163,16,False,True,False,32.60224913655525
393,0.0,0.0,1,1,False,True,False,0.2
365,1.0,1.0,285,14,False,True,False,57.8
382,0.014773776546629733,0.005365526492287073,1,16,False,True,False,0.208996546221001
394,0.6500461680517082,0.23608316566063045,82,16,False,True,False,16.795848033724045
366,0.03693444136657433,0.013413816230717648,186,16,False,True,False,37.22249136555251
367,0.055401662049861494,0.020120724346076483,233,16,False,True,False,46.633737048328754
368,0.04801477377654663,0.01743796109993291,203,16,False,True,False,40.629238775218255
370,1.0,1.0,188,15,False,True,False,38.4
678,0.5909510618651893,0.21462105969148207,305,16,False,True,False,61.35986184884004
398,0.6463527239150508,0.2347417840375586,264,15,False,True,False,53.1935988971688
371,0.32502308402585406,0.11804158283031524,215,16,False,True,False,43.197924016862025
372,0.0,0.0,1,16,False,True,False,0.2
399,0.20313942751615882,0.07377598926894711,226,16,False,True,False,45.323702510538766
373,0.0,0.0,18,16,False,True,False,3.6
342,0.09972299168975068,0.03621730382293763,203,16,False,True,False,40.66072668699176
374,0.09602954755309324,0.03487592219986584,91,16,False,True,False,18.258477550436506
375,0.029547553093259467,0.010731052984574123,260,16,False,True,False,52.017993092442005
400,1.0,0.5902079141515765,60,0,False,True,False,12.677062374245473
401,1.0,1.0,312,16,False,True,False,63.2
402,0.579870729455217,0.21059691482226703,270,13,False,True,False,54.35311443917429
403,0.26592797783933514,0.09657947686116686,29,16,False,True,False,5.961937831978019
405,0.003693444136657433,0.0013413816230717671,18,14,False,True,False,3.6022491365552503
407,0.007386888273314867,0.0026827632461435295,260,16,False,True,False,52.0044982731105
406,0.04801477377654663,0.01743796109993291,18,16,False,True,False,3.629238775218253
408,1.0,0.4922870556673383,23,15,False,True,False,5.247686116700202
409,0.5909510618651893,0.21462105969148207,73,16,False,True,False,14.95986184884004
410,0.11819021237303785,0.042924211938296465,225,16,False,True,False,45.071972369768005
411,0.9122807017543859,0.3313212608987259,2,16,False,True,False,0.9555367291468108
413,0.0110803324099723,0.004024144869215287,18,16,False,True,False,3.606747409665751
414,0.0443213296398892,0.01609657947686117,83,16,False,True,False,16.626989638663005
343,0.06648199445983378,0.024144869215291746,121,16,False,True,False,24.24048445799451
415,0.003693444136657433,0.0013413816230717671,163,16,False,True,False,32.60224913655525
416,1.0,1.0,325,15,False,True,False,65.8
417,0.27700831024930744,0.10060362173038237,90,15,False,True,False,18.168685241643768
418,0.0221606648199446,0.008048289738430598,1,16,False,True,False,0.2134948193315015
419,0.040627885503231764,0.014755197853789386,301,16,False,True,False,60.22474050210776
344,1.0,1.0,9,15,False,True,False,2.6
420,0.0110803324099723,0.004024144869215287,163,16,False,True,False,32.60674740966575
421,0.06278855032317636,0.022803487592220006,1,16,False,True,False,0.2382353214392542
679,0.22899353647276086,0.08316566063044949,260,13,False,True,False,52.13944646642552
422,0.014773776546629733,0.005365526492287073,113,16,False,True,False,22.608996546221004
424,0.29916897506925205,0.1086519114688129,28,0,False,True,False,5.7821800609752705
425,0.0,0.0,1,16,False,True,False,0.2
427,0.33240997229916897,0.12072434607645892,214,4,False,True,False,43.00242228997253
426,0.003693444136657433,0.0013413816230717671,1,16,False,True,False,0.20224913655525026
423,0.49492151431209597,0.17974513749161627,227,16,False,True,False,45.70138429840354
429,1.0,1.0,240,15,False,True,False,48.8
430,0.4025854108956602,0.14621059691482233,12,15,False,True,False,2.645155884522277
431,0.4173591874422899,0.1515761234071092,173,15,False,True,False,34.85415243074328
432,0.003693444136657433,0.0013413816230717671,163,16,False,True,False,32.60224913655525
433,0.07386888273314865,0.02682763246143527,45,15,False,True,False,9.044982731105005
434,1.0,1.0,44,15,False,True,False,9.600000000000001
436,0.007386888273314867,0.0026827632461435295,1,16,False,True,False,0.2044982731105005
437,0.08125577100646351,0.029510395707578796,176,16,False,True,False,35.24948100421551
439,0.018467220683287166,0.006706908115358811,163,16,False,True,False,32.61124568277625
438,1.0,1.0,218,15,False,True,False,44.4
682,0.0110803324099723,0.004024144869215287,63,16,False,True,False,12.606747409665752
440,1.0,1.0,198,15,False,True,False,40.4
441,0.014773776546629733,0.005365526492287073,18,14,False,True,False,3.608996546221001
442,0.02585410895660203,0.009389671361502337,163,14,False,True,False,32.61574395588676
443,0.003693444136657433,0.0013413816230717671,18,16,False,True,False,3.6022491365552503
444,0.12927054478301017,0.046948356807511867,196,16,False,True,False,39.278719779433764
445,0.007386888273314867,0.0026827632461435295,260,16,False,True,False,52.0044982731105
446,1.0,1.0,93,16,False,True,False,19.400000000000002
447,0.0,0.0,1,16,False,True,False,0.2
448,0.0110803324099723,0.004024144869215287,63,15,False,True,False,12.606747409665752
450,0.18467220683287167,0.06706908115358842,158,14,False,True,False,31.712456827762512
451,0.007386888273314867,0.0026827632461435295,260,16,False,True,False,52.0044982731105
457,0.18467220683287167,0.06706908115358842,18,15,False,True,False,3.7124568277625123
452,0.24007386888273316,0.08718980549966451,278,16,False,True,False,55.74619387609127
458,0.6500461680517082,0.23608316566063045,32,14,False,True,False,6.7958480337240434
453,0.14035087719298245,0.0509725016767269,280,16,False,True,False,56.08546718909951
454,0.6574330563250231,0.2387659289067741,164,16,False,True,False,33.20034630683455
459,1.0,1.0,102,13,False,True,False,21.200000000000003
460,0.0,0.0,18,16,False,True,False,3.6
461,0.4616805170821791,0.16767270288397074,224,15,False,True,False,45.08114206940628
463,0.15512465373961218,0.05633802816901423,299,16,False,True,False,59.894463735320514
464,0.007386888273314867,0.0026827632461435295,18,15,False,True,False,3.6044982731105004
466,0.8975069252077562,0.32595573440643855,177,16,False,True,False,35.94654018292581
467,0.16251154201292706,0.05902079141515742,246,0,False,True,False,49.29896200843101
455,0.05170821791320406,0.018779342723004695,221,0,False,True,False,44.231487911773506
456,0.09972299168975068,0.03621730382293763,108,4,False,True,False,21.660726686991758
468,0.014773776546629733,0.005365526492287073,221,16,False,True,False,44.208996546221
474,0.04801477377654663,0.01743796109993291,289,16,False,True,False,57.82923877521826
469,0.007386888273314867,0.0026827632461435295,260,16,False,True,False,52.0044982731105
475,0.007386888273314867,0.0026827632461435295,18,16,False,True,False,3.6044982731105004
477,0.007386888273314867,0.0026827632461435295,91,16,False,True,False,18.2044982731105
478,0.06648199445983378,0.024144869215291746,18,4,False,True,False,3.6404844579945044
479,1.0,1.0,81,16,False,True,False,17.0
480,0.0332409972299169,0.012072434607645862,49,14,False,True,False,9.820242228997254
481,0.9861495844875346,0.35814889336016115,319,14,False,True,False,64.40051946025181
482,0.0110803324099723,0.004024144869215287,63,1,False,True,False,12.606747409665752
683,0.25115420129270544,0.09121395036888,13,16,False,True,False,2.752941285757017
485,0.0,0.0,1,16,False,True,False,0.2
470,0.1329639889196676,0.0482897384305837,169,16,False,True,False,33.880968915989015
471,0.22899353647276086,0.08316566063044949,224,16,False,True,False,44.93944646642552
472,0.007386888273314867,0.0026827632461435295,91,15,False,True,False,18.2044982731105
473,0.17359187442289936,0.06304493628437292,144,14,False,True,False,28.905709418096762
486,0.5650969529085873,0.20523138832998017,252,9,False,True,False,50.74411789295329
489,0.0221606648199446,0.008048289738430598,71,14,False,True,False,14.213494819331503
491,1.0,0.6478873239436644,301,15,False,True,False,60.8943661971831
492,0.7460757156048015,0.2709590878604962,1,16,False,True,False,0.6543255841605495
493,0.0110803324099723,0.004024144869215287,63,16,False,True,False,12.606747409665752
495,0.0,0.0,1,16,False,True,False,0.2
494,0.018467220683287166,0.006706908115358811,260,16,False,True,False,52.01124568277625
496,0.02585410895660203,0.009389671361502337,63,8,False,True,False,12.615743955886753
498,0.12557710064635272,0.04560697518443999,162,16,False,True,False,32.47647064287851
499,0.09602954755309324,0.03487592219986584,76,16,False,True,False,15.258477550436508
500,0.06278855032317636,0.022803487592220006,37,16,False,True,False,7.4382353214392545
501,0.0332409972299169,0.012072434607645862,281,15,False,True,False,56.22024222899726
502,1.0,1.0,117,14,False,True,False,24.200000000000003
503,0.0,0.0,18,16,False,True,False,3.6
504,0.4653739612188365,0.16901408450704208,33,11,False,True,False,6.883391205961532
505,0.20313942751615882,0.07377598926894711,23,15,False,True,False,4.723702510538764
506,0.0,0.0,18,16,False,True,False,3.6
507,0.0,0.0,1,1,False,True,False,0.2
510,1.0,0.618376928236083,213,2,False,True,False,43.28551307847083
509,0.0,0.0,1,16,False,True,False,0.2
511,0.12557710064635272,0.04560697518443999,203,16,False,True,False,40.67647064287851
514,0.0,0.0,1,9,False,True,False,0.2
515,0.6241920590951062,0.22669349429912808,284,14,False,True,False,57.1801040778373
516,0.0,0.0,1,16,False,True,False,0.2
512,0.02585410895660203,0.009389671361502337,23,16,False,True,False,4.615743955886752
513,0.003693444136657433,0.0013413816230717671,18,16,False,True,False,3.6022491365552503
518,1.0,0.48960429242119374,254,11,False,True,False,51.44688128772636
519,0.3508771929824561,0.1274312541918176,247,15,False,True,False,49.61366797274878
520,0.014773776546629733,0.005365526492287073,1,15,False,True,False,0.208996546221001
522,1.0,1.0,152,15,False,True,False,31.200000000000003
523,0.11819021237303785,0.042924211938296465,21,16,False,True,False,4.271972369768008
524,0.2253000923361034,0.08182427900737764,139,16,False,True,False,27.937197329870266
526,0.12557710064635272,0.04560697518443999,237,16,False,True,False,47.47647064287852
527,0.0332409972299169,0.012072434607645862,221,16,False,True,False,44.22024222899726
528,0.2807017543859649,0.1019450033534542,89,16,False,True,False,17.97093437819902
529,0.7867036011080333,0.2857142857142859,229,16,False,True,False,46.27906608626831
530,0.0332409972299169,0.012072434607645862,163,2,False,True,False,32.620242228997256
531,0.18467220683287167,0.06706908115358842,97,16,False,True,False,19.512456827762513
532,0.0,0.0,1,16,False,True,False,0.2
533,0.02585410895660203,0.009389671361502337,23,16,False,True,False,4.615743955886752
534,0.15143120960295475,0.0549966465459424,67,16,False,True,False,13.49221459876526
535,0.10341643582640811,0.03755868544600942,18,16,False,True,False,3.662975823547007
525,0.0,0.0,18,16,False,True,False,3.6
537,1.0,1.0,166,0,False,True,False,34.0
544,0.0,0.0,1,16,False,True,False,0.2
546,0.018467220683287166,0.006706908115358811,1,16,False,True,False,0.21124568277625125
547,0.09233610341643582,0.0335345405767941,78,16,False,True,False,15.656228413881257
548,0.08494921514312095,0.03085177733065058,233,16,False,True,False,46.65173014077076
549,0.003693444136657433,0.0013413816230717671,1,1,False,True,False,0.20224913655525026
550,0.3951985226223453,0.14352783366867866,260,16,False,True,False,52.24065761141178
551,0.018467220683287166,0.006706908115358811,1,16,False,True,False,0.21124568277625125
552,1.0,0.4010731052984574,180,14,False,True,False,36.62032193158954
553,1.0,0.3863179074446682,110,1,False,True,False,22.6158953722334
554,0.06648199445983378,0.024144869215291746,1,16,False,True,False,0.24048445799450444
555,0.03693444136657433,0.013413816230717648,42,16,False,True,False,8.422491365552503
556,0.1809787626962142,0.06572769953051659,1,16,False,True,False,0.3102076912072621
684,0.18467220683287167,0.06706908115358842,181,16,False,True,False,36.31245682776252
557,0.0,0.0,1,16,False,True,False,0.2
558,0.2585410895660203,0.09389671361502368,129,16,False,True,False,25.957439558867517
538,0.03693444136657433,0.013413816230717648,142,16,False,True,False,28.422491365552503
539,0.007386888273314867,0.0026827632461435295,18,16,False,True,False,3.6044982731105004
540,1.0,0.8048289738430604,182,16,False,True,False,37.14144869215291
559,0.0,0.0,1,16,False,True,False,0.2
560,0.0443213296398892,0.01609657947686117,335,16,False,True,False,67.026989638663
561,0.0110803324099723,0.004024144869215287,301,16,False,True,False,60.20674740966575
562,0.3397968605724838,0.12340710932260211,8,16,False,True,False,1.8069205630830227
563,0.39889196675900274,0.1448692152917505,262,3,False,True,False,52.64290674796703
564,0.0221606648199446,0.008048289738430598,124,16,False,True,False,24.813494819331503
567,0.971375807940905,0.3527833668678738,186,16,False,True,False,37.791522914030814
568,0.5761772853185596,0.20925553319919518,140,16,False,True,False,28.350865302619038
541,1.0,1.0,291,15,False,True,False,59.0
542,1.0,1.0,266,15,False,True,False,54.0
569,0.5244690674053555,0.19047619047619047,194,16,False,True,False,39.11937739084554
571,1.0,1.0,141,0,False,True,False,29.000000000000004
572,1.0,1.0,136,16,False,True,False,28.000000000000004
573,0.05170821791320406,0.018779342723004695,147,16,False,True,False,29.431487911773505
574,0.4542936288088642,0.16498993963782704,324,15,False,True,False,65.07664379629578
578,0.014773776546629733,0.005365526492287073,221,16,False,True,False,44.208996546221
580,0.1698984302862419,0.06170355466130109,98,15,False,True,False,19.703460281541513
581,0.003693444136657433,0.0013413816230717671,1,16,False,True,False,0.20224913655525026
582,0.0,0.0,1,14,False,True,False,0.2
584,0.003693444136657433,0.0013413816230717671,163,16,False,True,False,32.60224913655525
586,0.0221606648199446,0.008048289738430598,289,16,False,True,False,57.8134948193315
587,0.007386888273314867,0.0026827632461435295,1,16,False,True,False,0.2044982731105005
576,0.007386888273314867,0.0026827632461435295,260,16,False,True,False,52.0044982731105
588,0.0221606648199446,0.008048289738430598,203,16,False,True,False,40.6134948193315
589,0.10710987996306555,0.038900067069081154,163,16,False,True,False,32.66522496010226
590,0.018467220683287166,0.006706908115358811,37,16,False,True,False,7.411245682776252
591,0.003693444136657433,0.0013413816230717671,1,16,False,True,False,0.20224913655525026
577,1.0,0.4507042253521129,243,15,False,True,False,49.235211267605635
592,0.27700831024930744,0.10060362173038237,301,13,False,True,False,60.368685241643774
594,0.0110803324099723,0.004024144869215287,18,16,False,True,False,3.606747409665751
596,0.0221606648199446,0.008048289738430598,203,16,False,True,False,40.6134948193315
597,0.2917820867959372,0.10596914822266923,49,16,False,True,False,9.97768178786477
598,0.0221606648199446,0.008048289738430598,71,16,False,True,False,14.213494819331503
603,0.12557710064635272,0.04560697518443999,275,16,False,True,False,55.07647064287851
604,0.08864265927977838,0.032193158953722316,87,16,False,True,False,17.45397927732601
599,0.33240997229916897,0.12072434607645892,39,16,False,True,False,8.002422289972523
605,0.19575253924284394,0.07109322602280345,26,10,False,True,False,5.319204237428263
606,0.0,0.0,1,15,False,True,False,0.2
607,1.0,0.5003353454057674,336,16,False,True,False,67.85010060362173
608,0.4062788550323176,0.14755197853789417,70,1,False,True,False,14.247405021077528
601,1.0,1.0,53,16,False,True,False,11.400000000000002
609,0.029547553093259467,0.010731052984574123,1,16,False,True,False,0.217993092442002
602,1.0,1.0,41,16,False,True,False,9.000000000000002
613,0.4136657433056325,0.15023474178403737,43,16,False,True,False,8.851903294188027
614,1.0,1.0,65,16,False,True,False,13.8
615,1.0,1.0,224,15,False,True,False,45.6
616,0.0,0.0,1,0,False,True,False,0.2
617,0.04801477377654663,0.01743796109993291,279,16,False,True,False,55.82923877521826
618,0.0,0.0,1,16,False,True,False,0.2
619,0.12188365650969528,0.0442655935613682,1,16,False,True,False,0.2742215063232581
620,0.018467220683287166,0.006706908115358811,91,16,False,True,False,18.21124568277625
622,0.11080332409972297,0.04024144869215294,190,16,False,True,False,38.067474096657506
621,0.05909510618651893,0.02146210596914822,181,16,False,True,False,36.235986184884005
610,0.04801477377654663,0.01743796109993291,244,16,False,True,False,48.82923877521826
611,0.14773776546629733,0.053655264922870566,168,15,False,True,False,33.68996546221001
624,1.0,1.0,119,15,False,True,False,24.6
625,0.1809787626962142,0.06572769953051659,241,15,False,True,False,48.31020769120727
626,0.007386888273314867,0.0026827632461435295,91,14,False,True,False,18.2044982731105
627,0.04801477377654663,0.01743796109993291,1,16,False,True,False,0.2292387752182532
628,0.0,0.0,18,16,False,True,False,3.6
629,0.018467220683287166,0.006706908115358811,1,16,False,True,False,0.21124568277625125
630,0.19205909510618652,0.06975184439973162,331,16,False,True,False,66.31695510087302
631,0.8568790397045245,0.31120053655264934,235,14,False,True,False,47.521799680818056
612,1.0,0.6237424547283724,7,13,False,True,False,2.087122736418512
634,0.05170821791320406,0.018779342723004695,147,16,False,True,False,29.431487911773505
635,0.0332409972299169,0.012072434607645862,322,16,False,True,False,64.42024222899725
632,0.12927054478301017,0.046948356807511867,118,15,False,True,False,23.67871977943376
636,1.0,1.0,167,16,False,True,False,34.199999999999996
637,0.007386888273314867,0.0026827632461435295,1,7,False,True,False,0.2044982731105005
638,1.0,0.4614352783366871,131,16,False,True,False,26.838430583501008
639,0.0110803324099723,0.004024144869215287,301,16,False,True,False,60.20674740966575
640,1.0,0.4721663313212608,343,15,False,True,False,69.24164989939639
641,0.02585410895660203,0.009389671361502337,1,16,False,True,False,0.21574395588675171
642,0.2585410895660203,0.09389671361502368,257,16,False,True,False,51.55743955886752
643,0.0221606648199446,0.008048289738430598,124,16,False,True,False,24.813494819331503
644,0.0110803324099723,0.004024144869215287,63,16,False,True,False,12.606747409665752
645,0.0,0.0,18,16,False,True,False,3.6
633,0.5872576177285319,0.21327967806841067,199,15,False,True,False,40.157612712284795
646,0.0,0.0,1,16,False,True,False,0.2
648,0.040627885503231764,0.014755197853789386,163,16,False,True,False,32.624740502107755
647,0.003693444136657433,0.0013413816230717671,163,16,False,True,False,32.60224913655525
649,0.0,0.0,1,16,False,True,False,0.2
650,0.08864265927977838,0.032193158953722316,272,16,False,True,False,54.45397927732601
651,0.0,0.0,1,16,False,True,False,0.2
652,0.05909510618651893,0.02146210596914822,284,16,False,True,False,56.83598618488401
0,0.7571560480147738,1.0,0,16,False,False,True,0.6785780240073869
3,0.029547553093259467,0.9537760967945262,0,16,False,False,True,0.3009066055849876
13,0.19575253924284394,1.0,0,1,False,False,True,0.397876269621422
24,0.08125577100646351,1.0,0,16,False,False,True,0.34062788550323175
7,0.0,0.10478278264555045,0,16,False,False,True,0.031434834793665135
27,0.9122807017543859,1.0,0,15,False,False,True,0.7561403508771929
29,0.0,0.10478278264555045,0,16,False,False,True,0.031434834793665135
34,0.0,0.10478278264555045,0,16,False,False,True,0.031434834793665135
35,0.003693444136657433,0.21090694691417267,0,15,False,False,True,0.0651188061425805
37,0.014773776546629733,0.5292794397200393,0,0,False,False,True,0.16617072018932666
44,0.003693444136657433,0.21090694691417267,0,16,False,False,True,0.0651188061425805
653,0.14035087719298245,1.0,0,15,False,False,True,0.3701754385964912
52,0.09972299168975068,1.0,0,15,False,False,True,0.34986149584487536
57,0.0,0.10478278264555045,0,16,False,False,True,0.031434834793665135
53,0.0332409972299169,1.0,0,16,False,False,True,0.31662049861495845
64,0.0,0.10478278264555045,0,3,False,False,True,0.031434834793665135
73,0.0110803324099723,0.4231552754514171,0,16,False,False,True,0.13248674884041128
74,0.04801477377654663,1.0,0,16,False,False,True,0.3240073868882733
76,0.05170821791320406,1.0,0,5,False,False,True,0.325854108956602
77,0.003693444136657433,0.21090694691417267,0,16,False,False,True,0.0651188061425805
80,0.0,0.10478278264555045,0,16,False,False,True,0.031434834793665135
83,1.0,1.0,0,15,False,False,True,0.8
68,0.3767313019390581,1.0,0,16,False,False,True,0.48836565096952905
88,0.0,0.10478278264555045,0,1,False,False,True,0.031434834793665135
96,0.0,0.10478278264555045,0,2,False,False,True,0.031434834793665135
69,0.003693444136657433,0.21090694691417267,0,16,False,False,True,0.0651188061425805
97,0.0,0.10478278264555045,0,16,False,False,True,0.031434834793665135
101,0.0,0.10478278264555045,0,16,False,False,True,0.031434834793665135
103,0.003693444136657433,0.21090694691417267,0,1,False,False,True,0.0651188061425805
108,0.0,0.10478278264555045,0,16,False,False,True,0.031434834793665135
109,0.04801477377654663,1.0,0,0,False,False,True,0.3240073868882733
70,1.0,1.0,0,14,False,False,True,0.8
127,0.02585410895660203,0.8476519325259069,0,1,False,False,True,0.26722263423607306
129,0.040627885503231764,1.0,0,16,False,False,True,0.32031394275161584
138,0.0221606648199446,0.7415277682572828,0,16,False,False,True,0.23353866288715716
149,0.0,0.10478278264555045,0,16,False,False,True,0.031434834793665135
147,0.19205909510618652,1.0,0,3,False,False,True,0.3960295475530933
150,0.0110803324099723,0.4231552754514171,0,16,False,False,True,0.13248674884041128
151,0.014773776546629733,0.5292794397200393,0,7,False,False,True,0.16617072018932666
157,0.0,0.10478278264555045,0,16,False,False,True,0.031434834793665135
169,0.0,0.10478278264555045,0,16,False,False,True,0.031434834793665135
657,0.029547553093259467,0.9537760967945262,0,15,False,False,True,0.3009066055849876
159,0.007386888273314867,0.31703111118279487,0,16,False,False,True,0.0988027774914959
172,0.003693444136657433,0.21090694691417267,0,14,False,False,True,0.0651188061425805
661,0.0,0.10478278264555045,0,13,False,False,True,0.031434834793665135
175,0.0110803324099723,0.4231552754514171,0,15,False,False,True,0.13248674884041128
176,0.0,0.10478278264555045,0,16,False,False,True,0.031434834793665135
161,0.07756232686980609,1.0,0,16,False,False,True,0.33878116343490305
180,0.2363804247460757,1.0,0,1,False,False,True,0.41819021237303783
182,0.0,0.10478278264555045,0,4,False,False,True,0.031434834793665135
183,1.0,1.0,0,15,False,False,True,0.8
164,0.03693444136657433,1.0,0,16,False,False,True,0.31846722068328714
190,0.040627885503231764,1.0,0,16,False,False,True,0.32031394275161584
199,0.605724838411819,1.0,0,0,False,False,True,0.6028624192059095
196,0.0110803324099723,0.4231552754514171,0,16,False,False,True,0.13248674884041128
206,0.014773776546629733,0.5292794397200393,0,16,False,False,True,0.16617072018932666
207,0.0,0.10478278264555045,0,16,False,False,True,0.031434834793665135
208,0.0,0.10478278264555045,0,16,False,False,True,0.031434834793665135
217,0.1440443213296399,1.0,0,3,False,False,True,0.37202216066481997
210,0.0,0.10478278264555045,0,16,False,False,True,0.031434834793665135
220,0.003693444136657433,0.21090694691417267,0,15,False,False,True,0.0651188061425805
227,0.0,0.10478278264555045,0,15,False,False,True,0.031434834793665135
228,0.3508771929824561,1.0,0,16,False,False,True,0.47543859649122805
222,0.5060018467220684,1.0,0,1,False,False,True,0.5530009233610342
234,0.19575253924284394,1.0,0,16,False,False,True,0.397876269621422
243,0.0,0.10478278264555045,0,1,False,False,True,0.031434834793665135
240,0.0,0.10478278264555045,0,16,False,False,True,0.031434834793665135
241,0.0,0.10478278264555045,0,16,False,False,True,0.031434834793665135
224,0.0,0.10478278264555045,0,16,False,False,True,0.031434834793665135
244,0.0,0.10478278264555045,0,16,False,False,True,0.031434834793665135
252,0.0,0.10478278264555045,0,16,False,False,True,0.031434834793665135
255,0.0,0.10478278264555045,0,16,False,False,True,0.031434834793665135
257,0.0,0.10478278264555045,0,16,False,False,True,0.031434834793665135
266,0.5318559556786704,1.0,0,3,False,False,True,0.5659279778393351
272,0.12188365650969528,1.0,0,1,False,False,True,0.3609418282548476
273,0.007386888273314867,0.31703111118279487,0,0,False,False,True,0.0988027774914959
278,0.003693444136657433,0.21090694691417267,0,12,False,False,True,0.0651188061425805
279,0.0221606648199446,0.7415277682572828,0,16,False,False,True,0.23353866288715716
284,0.0,0.10478278264555045,0,16,False,False,True,0.031434834793665135
292,0.003693444136657433,0.21090694691417267,0,14,False,False,True,0.0651188061425805
261,0.0221606648199446,0.7415277682572828,0,16,False,False,True,0.23353866288715716
294,0.0221606648199446,0.7415277682572828,0,3,False,False,True,0.23353866288715716
297,0.003693444136657433,0.21090694691417267,0,16,False,False,True,0.0651188061425805
298,0.029547553093259467,0.9537760967945262,0,16,False,False,True,0.3009066055849876
299,0.4838411819021237,1.0,0,0,False,False,True,0.5419205909510618
296,0.07386888273314865,1.0,0,3,False,False,True,0.3369344413665743
675,0.0,0.10478278264555045,0,15,False,False,True,0.031434834793665135
319,0.007386888273314867,0.31703111118279487,0,16,False,False,True,0.0988027774914959
315,0.0443213296398892,1.0,0,16,False,False,True,0.3221606648199446
326,0.003693444136657433,0.21090694691417267,0,16,False,False,True,0.0651188061425805
328,0.0,0.10478278264555045,0,16,False,False,True,0.031434834793665135
350,0.0,0.10478278264555045,0,16,False,False,True,0.031434834793665135
351,0.02585410895660203,0.8476519325259069,0,16,False,False,True,0.26722263423607306
353,0.0,0.10478278264555045,0,16,False,False,True,0.031434834793665135
352,0.0,0.10478278264555045,0,16,False,False,True,0.031434834793665135
356,0.007386888273314867,0.31703111118279487,0,16,False,False,True,0.0988027774914959
357,1.0,1.0,0,15,False,False,True,0.8
361,0.018467220683287166,0.6354036039886635,0,1,False,False,True,0.19985469153824262
340,0.0,0.10478278264555045,0,15,False,False,True,0.031434834793665135
341,1.0,1.0,0,14,False,False,True,0.8
386,1.0,1.0,0,14,False,False,True,0.8
393,0.02585410895660203,0.8476519325259069,0,1,False,False,True,0.26722263423607306
395,0.4136657433056325,1.0,0,1,False,False,True,0.5068328716528162
396,0.0,0.10478278264555045,0,16,False,False,True,0.031434834793665135
369,0.003693444136657433,0.21090694691417267,0,9,False,False,True,0.0651188061425805
397,0.0332409972299169,1.0,0,15,False,False,True,0.31662049861495845
374,0.0,0.10478278264555045,0,16,False,False,True,0.031434834793665135
401,0.0,0.10478278264555045,0,16,False,False,True,0.031434834793665135
404,0.0,0.10478278264555045,0,16,False,False,True,0.031434834793665135
410,0.29916897506925205,1.0,0,16,False,False,True,0.449584487534626
412,0.0332409972299169,1.0,0,16,False,False,True,0.31662049861495845
413,0.0,0.10478278264555045,0,16,False,False,True,0.031434834793665135
345,0.0,0.10478278264555045,0,16,False,False,True,0.031434834793665135
681,0.007386888273314867,0.31703111118279487,0,16,False,False,True,0.0988027774914959
428,0.003693444136657433,0.21090694691417267,0,16,False,False,True,0.0651188061425805
433,0.0,0.10478278264555045,0,15,False,False,True,0.031434834793665135
435,0.007386888273314867,0.31703111118279487,0,16,False,False,True,0.0988027774914959
436,0.0,0.10478278264555045,0,16,False,False,True,0.031434834793665135
444,0.08864265927977838,1.0,0,16,False,False,True,0.34432132963988915
446,0.003693444136657433,0.21090694691417267,0,16,False,False,True,0.0651188061425805
449,0.007386888273314867,0.31703111118279487,0,1,False,False,True,0.0988027774914959
462,0.0,0.10478278264555045,0,16,False,False,True,0.031434834793665135
465,0.06648199445983378,1.0,0,16,False,False,True,0.3332409972299169
467,0.05909510618651893,1.0,0,0,False,False,True,0.32954755309325945
476,0.0,0.10478278264555045,0,16,False,False,True,0.031434834793665135
478,0.02585410895660203,0.8476519325259069,0,4,False,False,True,0.26722263423607306
479,0.014773776546629733,0.5292794397200393,0,16,False,False,True,0.16617072018932666
483,0.20683287165281625,1.0,0,3,False,False,True,0.4034164358264081
484,0.21421975992613113,1.0,0,16,False,False,True,0.4071098799630656
487,0.0,0.10478278264555045,0,16,False,False,True,0.031434834793665135
488,0.02585410895660203,0.8476519325259069,0,16,False,False,True,0.26722263423607306
489,0.12927054478301017,1.0,0,14,False,False,True,0.36463527239150506
490,0.003693444136657433,0.21090694691417267,0,16,False,False,True,0.0651188061425805
497,0.07017543859649122,1.0,0,16,False,False,True,0.3350877192982456
502,0.0,0.10478278264555045,0,14,False,False,True,0.031434834793665135
507,0.014773776546629733,0.5292794397200393,0,1,False,False,True,0.16617072018932666
508,0.014773776546629733,0.5292794397200393,0,1,False,False,True,0.16617072018932666
510,0.0,0.10478278264555045,0,2,False,False,True,0.031434834793665135
517,0.0,0.10478278264555045,0,16,False,False,True,0.031434834793665135
521,0.003693444136657433,0.21090694691417267,0,0,False,False,True,0.0651188061425805
536,0.029547553093259467,0.9537760967945262,0,1,False,False,True,0.3009066055849876
543,0.0,0.10478278264555045,0,16,False,False,True,0.031434834793665135
537,0.5023084025854109,1.0,0,0,False,False,True,0.5511542012927054
545,0.0110803324099723,0.4231552754514171,0,16,False,False,True,0.13248674884041128
549,0.018467220683287166,0.6354036039886635,0,1,False,False,True,0.19985469153824262
552,0.0,0.10478278264555045,0,14,False,False,True,0.031434834793665135
565,0.0,0.10478278264555045,0,16,False,False,True,0.031434834793665135
566,0.0221606648199446,0.7415277682572828,0,16,False,False,True,0.23353866288715716
567,0.003693444136657433,0.21090694691417267,0,16,False,False,True,0.0651188061425805
570,0.07756232686980609,1.0,0,0,False,False,True,0.33878116343490305
571,0.8088642659279779,1.0,0,0,False,False,True,0.7044321329639889
572,0.3951985226223453,1.0,0,16,False,False,True,0.4975992613111726
575,0.1329639889196676,1.0,0,12,False,False,True,0.36648199445983376
579,0.0332409972299169,1.0,0,16,False,False,True,0.31662049861495845
583,0.20313942751615882,1.0,0,16,False,False,True,0.40156971375807937
585,0.007386888273314867,0.31703111118279487,0,16,False,False,True,0.0988027774914959
586,0.24376731301939059,1.0,0,16,False,False,True,0.4218836565096953
593,0.003693444136657433,0.21090694691417267,0,16,False,False,True,0.0651188061425805
594,0.15143120960295475,1.0,0,16,False,False,True,0.37571560480147737
595,0.0,0.10478278264555045,0,16,False,False,True,0.031434834793665135
600,0.007386888273314867,0.31703111118279487,0,16,False,False,True,0.0988027774914959
614,0.0,0.10478278264555045,0,16,False,False,True,0.031434834793665135
615,0.003693444136657433,0.21090694691417267,0,15,False,False,True,0.0651188061425805
685,0.003693444136657433,0.21090694691417267,0,16,False,False,True,0.0651188061425805
621,0.007386888273314867,0.31703111118279487,0,16,False,False,True,0.0988027774914959
623,0.0110803324099723,0.4231552754514171,0,16,False,False,True,0.13248674884041128
624,0.07756232686980609,1.0,0,15,False,False,True,0.33878116343490305
636,0.003693444136657433,0.21090694691417267,0,16,False,False,True,0.0651188061425805
637,0.040627885503231764,1.0,0,7,False,False,True,0.32031394275161584
638,0.0110803324099723,0.4231552754514171,0,16,False,False,True,0.13248674884041128
643,0.0,0.10478278264555045,0,16,False,False,True,0.031434834793665135
680,,,349,17,True,False,False,
